ticker,date,open,high,low,close,volume,log_return,vol_30d,VaR_95
AAPL,2023-01-03,127.99535878679536,128.60448143197522,121.99250548899685,122.87672424316406,112117500,,,-0.020726932872206037
AAPL,2023-01-04,124.66482384759799,126.40378887161263,122.88656686996354,124.14411926269531,89113600,0.010261531964782557,,-0.020726932872206037
AAPL,2023-01-05,124.90062068574457,125.52939692056383,122.57218626779334,122.82762145996094,80962700,-0.010661221955745407,,-0.020726932872206037
AAPL,2023-01-06,123.80025946812165,128.0051956310965,122.69989736764362,127.3469467163086,87754700,0.036133304732785324,,-0.020726932872206037
AAPL,2023-01-09,128.18204084518473,131.07048653770673,127.6122100970975,127.86764526367188,70790800,0.004080481964664482,,-0.020726932872206037
AAPL,2023-01-10,127.97574077291436,128.95820466182693,125.87326865028986,128.4375,63896200,0.004446697117416078,,-0.020726932872206037
AAPL,2023-01-11,128.94836939344688,131.1687321095965,128.17222961380043,131.1490936279297,69458900,0.0208923906409925,,-0.020726932872206037
AAPL,2023-01-12,131.53227009080283,131.90559617413024,129.13505580606935,131.0705108642578,71379600,-0.0005993660632397236,,-0.020726932872206037
AAPL,2023-01-13,129.71468306570503,132.55400260182785,129.35117628841525,132.3968048095703,57809700,0.010068081085168934,,-0.020726932872206037
AAPL,2023-01-17,132.4655864864573,134.88243886666353,131.77786487384603,133.55612182617188,63646600,0.00871826735948679,,-0.020726932872206037
AAPL,2023-01-18,134.42067999537736,136.17928328311848,132.66206171643108,132.8389129638672,69672800,-0.0053845642861724595,,-0.020726932872206037
AAPL,2023-01-19,131.7287538123279,133.86069855178562,131.42419241972087,132.89788818359375,58280400,0.0004438618997455923,,-0.020726932872206037
AAPL,2023-01-20,132.9076780568954,135.59963378756996,131.8662690124696,135.45225524902344,80223600,0.01903814311411959,,-0.020726932872206037
AAPL,2023-01-23,135.6978505616929,140.80667263187914,135.48170739759104,138.6354217529297,81760300,0.0232284038661138,,-0.020726932872206037
AAPL,2023-01-24,137.84949253259393,140.64952034187644,137.83967329148908,140.0305633544922,66435100,0.010013086151390264,,-0.020726932872206037
AAPL,2023-01-25,138.41932337339787,139.93231102042415,136.37579688239575,139.372314453125,65799300,-0.004711834927173565,,-0.020726932872206037
AAPL,2023-01-26,140.6593159193217,141.72037843724186,139.4115829133593,141.4354705810547,54105100,0.014694701238784611,,-0.020726932872206037
AAPL,2023-01-27,140.64949717713105,144.64811636457318,140.57089828761406,143.37091064453125,70555800,0.013591478177317649,,-0.020726932872206037
AAPL,2023-01-30,142.41792955695834,142.9975794810538,140.34493076851774,140.49229431152344,64015300,-0.020282410435156276,,-0.020726932872206037
AAPL,2023-01-31,140.19756045993424,141.8088002532181,139.78492752410364,141.75967407226562,65874500,0.008980545190571223,,-0.020726932872206037
AAPL,2023-02-01,141.44532609516176,144.03903014040526,138.84180280794712,142.8797149658203,77663600,0.00786993450362588,,-0.020726932872206037
AAPL,2023-02-02,146.28887274258696,148.52888929698446,145.5716782733727,148.1752166748047,118339000,0.03639234775659588,,-0.020726932872206037
AAPL,2023-02-03,145.43410775063012,154.62014981197694,145.23761799882098,151.7906494140625,154357300,0.024106795038737222,,-0.020726932872206037
AAPL,2023-02-06,149.89447943002094,150.4151839414419,148.1358611817687,149.06919860839844,69858300,-0.018091646675087617,,-0.020726932872206037
AAPL,2023-02-07,147.99834440627268,152.50784959474223,147.99834440627268,151.93801879882812,83322600,0.019062048298334435,,-0.020726932872206037
AAPL,2023-02-08,151.18149451181517,151.8692159923906,148.51901171912547,149.255859375,64120100,-0.017810656328633333,,-0.020726932872206037
AAPL,2023-02-09,151.0832773681269,151.62363543992853,147.782198500911,148.22430419921875,56007100,-0.00693531493380823,,-0.020726932872206037
AAPL,2023-02-10,147.0632318137508,148.9130734935689,146.8270751036462,148.58836364746094,57450700,0.002453127310597152,,-0.020726932872206037
AAPL,2023-02-13,148.52933886882354,151.78625678187208,148.49982115470684,151.38284301757812,62199000,0.018632189700174877,,-0.020726932872206037
AAPL,2023-02-14,149.68055772689488,151.3041068890254,148.4407688328002,150.7432403564453,61707600,-0.004234017861005668,,-0.020726932872206037
AAPL,2023-02-15,150.6547253534473,153.00639866157246,150.42841784233283,152.83912658691406,65573800,0.013807913492068353,0.01452666939847578,-0.020726932872206037
AAPL,2023-02-16,151.04829713189807,153.82308261470098,150.890874314185,151.24510192871094,68167900,-0.01048419555992879,0.014869269236693376,-0.020726932872206037
AAPL,2023-02-17,149.90692418842454,150.54649479465752,148.43097816102596,150.1037139892578,59144100,-0.007575230678106505,0.014756110584598008,-0.020726932872206037
AAPL,2023-02-21,147.79137232815333,148.87373860585663,146.0300835825423,146.0989532470703,58867200,-0.02704232766840971,0.014915635831781342,-0.020726932872206037
AAPL,2023-02-22,146.48269724609548,147.54538003263738,144.80012742797703,146.52206420898438,51011300,0.002891871954125472,0.014918583965462877,-0.020726932872206037
AAPL,2023-02-23,147.68313363952294,147.92912460701393,144.87884561858363,147.0041961669922,48394200,0.003285105673232009,0.014920340007486012,-0.020726932872206037
AAPL,2023-02-24,144.75092512234477,144.8296440334222,143.38321594733068,144.3573455810547,55469600,-0.018169339615635615,0.015143288557325827,-0.020726932872206037
AAPL,2023-02-27,145.34125814876475,146.7778364801066,145.08541802454008,145.54788208007812,44998500,0.008213326826114569,0.015152547532155643,-0.020726932872206037
AAPL,2023-02-28,144.6918692589824,146.689314426437,144.47539603761436,145.0460968017578,50547000,-0.003453518059629804,0.015151306832520991,-0.020726932872206037
AAPL,2023-03-01,144.47539591550134,144.8689754008769,142.68457472462396,142.97976684570312,55479000,-0.014348471216181997,0.015435913355879271,-0.020726932872206037
AAPL,2023-03-02,142.06468141879296,144.35731860288683,141.59236804059648,143.5701446533203,52238100,0.004120599025003783,0.015370733969299848,-0.020726932872206037
AAPL,2023-03-03,145.66599039801153,148.6867663889097,144.96738452683869,148.60804748535156,70732300,0.03448855748492458,0.016427303151857805,-0.020726932872206037
AAPL,2023-03-06,151.32379221822697,153.79355106354063,150.99909736370918,151.3631591796875,87558000,0.018369690874965924,0.016406255392009884,-0.020726932872206037
AAPL,2023-03-07,151.2352451910372,151.55995507278075,148.70646582947896,149.16893005371094,56182000,-0.014602554568460976,0.016307252928161226,-0.020726932872206037
AAPL,2023-03-08,150.35954366098233,151.00896353556408,149.39526309860625,150.4185791015625,47204800,0.008342512670656483,0.016283339253657474,-0.020726932872206037
AAPL,2023-03-09,151.09749920529256,152.06177965604292,147.82089750549494,148.1751251220703,53833600,-0.015027083052301932,0.016545176877599516,-0.020726932872206037
AAPL,2023-03-10,147.80120650188752,148.5194958597798,145.242894659562,146.11862182617188,68572400,-0.013976082006474572,0.016616987881310583,-0.020726932872206037
AAPL,2023-03-13,145.43967499711258,150.68420342446277,145.33143838738883,148.05702209472656,84457100,0.013178713896964416,0.01660644373768403,-0.020726932872206037
AAPL,2023-03-14,148.85403055723415,150.94002884188114,147.6929605728649,150.1430206298828,73695900,0.0139908267125658,0.01626204567787269,-0.020726932872206037
AAPL,2023-03-15,148.7654682431246,150.7924309816341,147.51583019026035,150.53660583496094,77167900,0.002617972055513176,0.01621217513286446,-0.020726932872206037
AAPL,2023-03-16,149.71994010489203,153.9509875803486,149.20827470890512,153.35076904296875,76161100,0.018521622747166965,0.016459855119699697,-0.020726932872206037
AAPL,2023-03-17,153.5770871091514,154.2265068856699,151.80594908869074,152.514404296875,98944600,-0.0054688595075369035,0.015201345789316848,-0.020726932872206037
AAPL,2023-03-20,152.58327776546486,155.28917828804447,151.67801783277878,154.8759002685547,73641400,0.015365106811768107,0.0148214305416935,-0.020726932872206037
AAPL,2023-03-21,154.79720820376127,156.84383990664745,154.02970254755692,156.72576904296875,73938300,0.011873431301405687,0.01452003712054344,-0.020726932872206037
AAPL,2023-03-22,156.7454546452784,159.5399085601911,155.27934300701256,155.2990264892578,75701800,-0.009145122552574448,0.014266007826434701,-0.020726932872206037
AAPL,2023-03-23,156.28296029217628,158.95934282613845,155.15139299961646,156.38134765625,67622100,0.006945098935933304,0.013867012477309105,-0.020726932872206037
AAPL,2023-03-24,156.31248202721346,157.76874417421377,155.3186840441415,157.68019104003906,59196500,0.008271313922510614,0.013823838777917185,-0.020726932872206037
AAPL,2023-03-27,157.3751434631476,158.19183506776827,155.33833156714905,155.74176025390625,52390300,-0.01236962181033007,0.014072024532594353,-0.020726932872206037
AAPL,2023-03-28,155.43676283008696,155.94842821050446,153.47866946121147,155.12188720703125,45992200,-0.003988075630680995,0.013727936360813157,-0.020726932872206037
AAPL,2023-03-29,156.81427543614188,158.4673421052655,156.79460697412472,158.19183349609375,51305700,0.019597255640371895,0.014109988133768564,-0.020726932872206037
AAPL,2023-03-30,158.9396863414281,159.8646148025582,158.68386113447403,159.75637817382812,49501700,0.00984158582030732,0.01400995743790888,-0.020726932872206037
AAPL,2023-03-31,159.8350728342002,162.3540176143248,159.31357325147573,162.255615234375,68749800,0.015522945086316487,0.014048979028694007,-0.020726932872206037
AAPL,2023-04-03,161.6357692200628,163.62336567436975,161.58656801762768,163.5052947998047,56976200,0.007672410391923986,0.013953298002486961,-0.020726932872206037
AAPL,2023-04-04,163.92841482435924,164.1645565845821,162.46230300187705,162.97396850585938,46278300,-0.003254888274686717,0.012826384805036374,-0.020726932872206037
AAPL,2023-04-05,162.0982064947886,162.40323287933546,159.20535043705326,161.1339111328125,51511700,-0.011354720193093588,0.013115646991036782,-0.020726932872206037
AAPL,2023-04-06,159.82520525050802,162.31464704794055,159.4021080962766,162.0194549560547,45390100,0.005480654901364613,0.013122442965758685,-0.020726932872206037
AAPL,2023-04-10,158.8314525568901,159.43167114257812,157.51294452082058,159.43167114257812,47716900,-0.016100983995687098,0.01301103031318498,-0.020726932872206037
AAPL,2023-04-11,159.7465367378167,159.75637097122245,157.93603184667685,158.2213897705078,47644200,-0.007620183007558465,0.013125935055585057,-0.020726932872206037
AAPL,2023-04-12,158.6346273017189,159.46115319792995,157.2177171858746,157.5325927734375,50133100,-0.0043628782389877815,0.013141874142490772,-0.020726932872206037
AAPL,2023-04-13,159.03810381613732,163.14123183489016,158.83146477293297,162.9050750732422,68445600,0.03353529455361021,0.013880334779006968,-0.020726932872206037
AAPL,2023-04-14,161.9506163702145,163.6528847449455,161.19297496954,162.56068420410156,49386500,-0.0021162963406096916,0.013930487656987687,-0.020726932872206037
AAPL,2023-04-17,162.44258319038994,162.7377753387549,161.39958394505072,162.58033752441406,41516200,0.00012089105356167878,0.012708273875598398,-0.020726932872206037
AAPL,2023-04-18,163.43639900098648,164.7253892225956,162.99360326395418,163.8004608154297,49923000,0.0074767203284906445,0.012405870744375202,-0.020726932872206037
AAPL,2023-04-19,163.14119328481948,165.46334834295578,162.8853530999642,164.9418487548828,47720200,0.006943995297289885,0.011990429341546725,-0.020726932872206037
AAPL,2023-04-20,163.4265370188754,165.17799130758831,162.9050374280842,163.97755432128906,52456400,-0.005863425430411187,0.012066753109187965,-0.020726932872206037
AAPL,2023-04-21,162.4032359760057,163.78077935638615,161.85221862385353,162.37371826171875,58337300,-0.009828973295557108,0.011835911312887321,-0.020726932872206037
AAPL,2023-04-24,162.35403159020615,162.9444158925364,161.26183114076272,162.67874145507812,41949600,0.001876763419391095,0.011395221279099605,-0.020726932872206037
AAPL,2023-04-25,162.54097982284455,163.64301445601814,161.1043860925183,161.1437530517578,48714100,-0.009480501981145186,0.011487542171171782,-0.020726932872206037
AAPL,2023-04-26,160.44513945575562,162.6295403559192,160.1893142654478,161.1339111328125,45498800,-6.107726375190681e-05,0.01130146401475109,-0.020726932872206037
AAPL,2023-04-27,162.54103078445482,165.85698497048693,162.54103078445482,165.7093963623047,64902300,0.0279998644577551,0.012233488690967855,-0.020726932872206037
AAPL,2023-04-28,165.7880799666726,167.12627144742981,165.18786139778672,166.958984375,55275900,0.00751254980700648,0.011919148072810084,-0.020726932872206037
AAPL,2023-05-01,166.5653655163748,167.71660118549804,165.93562938076653,166.87039184570312,52472900,-0.0005307653411430286,0.011834327459868193,-0.020726932872206037
AAPL,2023-05-02,167.3623966257795,167.6182368189597,164.85328597063295,165.83724975585938,48425700,-0.006210530095540356,0.011711840554007045,-0.020726932872206037
AAPL,2023-05-03,166.78188428598025,168.17911124939818,164.47941231869004,164.76475524902344,65136000,-0.0064881534468628895,0.011672892644659627,-0.020726932872206037
AAPL,2023-05-04,162.24578626436005,164.36130237503923,161.67508547315035,163.13134765625,81235400,-0.009963040667932216,0.01169994167109431,-0.020726932872206037
AAPL,2023-05-05,168.23814318555767,171.50491053581004,168.02166992672903,170.78662109375,113453200,0.04585925729848199,0.014198693026491325,-0.020726932872206037
AAPL,2023-05-08,169.71408033203093,171.06212101363838,169.35001851271124,170.7177276611328,55962800,-0.00040347031481715543,0.014174629276943953,-0.020726932872206037
AAPL,2023-05-09,170.27494492179522,170.7570775926942,168.84820036158354,169.01547241210938,45326900,-0.01002121367203433,0.014095094656315314,-0.020726932872206037
AAPL,2023-05-10,170.24544525293916,171.23924342814053,169.14339542958015,170.7767791748047,53724500,0.010367055336121922,0.01410295456020529,-0.020726932872206037
AAPL,2023-05-11,171.06211698775132,171.79024060925457,169.40904995436452,170.96371459960938,49514700,0.0010940198592504283,0.013761815739444504,-0.020726932872206037
AAPL,2023-05-12,171.07208510437357,171.50563041723674,168.49053896760506,170.03750610351562,45533100,-0.005432301807462136,0.013766747676145115,-0.020726932872206037
AAPL,2023-05-15,170.6188460048669,170.66811525184778,168.95364468701064,169.5448455810547,37266700,-0.00290156932869828,0.013555666440939317,-0.020726932872206037
AAPL,2023-05-16,169.46601779285794,170.5991352991019,169.27880367524853,169.5448455810547,42110300,0.0,0.013506800281008903,-0.020726932872206037
AAPL,2023-05-17,169.19013234108013,170.39221479568312,167.91905489711874,170.15574645996094,57951600,0.003596705756688043,0.013486628158758776,-0.020726932872206037
AAPL,2023-05-18,170.46119076780954,172.6683237371227,170.04735615510018,172.48110961914062,65496700,0.013573547737906517,0.013439155377415177,-0.020726932872206037
AAPL,2023-05-19,173.80143807257875,173.80143807257875,172.3727201425523,172.58949279785156,55809500,0.0006281797493954509,0.013428357620584738,-0.020726932872206037
AAPL,2023-05-22,171.4268582546751,172.14615640935264,170.90463714969263,171.6436309814453,43570900,-0.005495486236004834,0.013067237522017222,-0.020726932872206037
AAPL,2023-05-23,170.58927970470205,170.83561089353927,168.76642289336164,169.0423126220703,50747300,-0.015271360403555817,0.01334253044072718,-0.020726932872206037
AAPL,2023-05-24,168.57921320123526,169.8896969643689,168.01758589409968,169.31820678710938,45143500,0.0016307707924308934,0.013285543313935043,-0.020726932872206037
AAPL,2023-05-25,169.87986475065702,171.34798918728478,169.17042964019168,170.45135498046875,56058300,0.006670123060225684,0.011953498588895923,-0.020726932872206037
AAPL,2023-05-26,170.77652387763237,173.19056694623742,170.5695990272421,172.8555450439453,54835000,0.014006297962277472,0.012145752217482072,-0.020726932872206037
AAPL,2023-05-30,174.36309800636275,176.36330631715728,173.9788219031772,174.69810485839844,55964400,0.010603123158730812,0.012238855548320668,-0.020726932872206037
AAPL,2023-05-31,174.72766202276017,176.71802248155805,174.16601962684186,174.64883422851562,99625300,-0.0002820727746364479,0.01220973801507819,-0.020726932872206037
AAPL,2023-06-01,175.0922328882,177.47671735788407,174.33352850038895,177.44715881347656,68901800,0.01589557144006805,0.012438486577857137,-0.020726932872206037
AAPL,2023-06-02,178.37336820267623,179.11236188910445,176.62933889294345,178.29454040527344,61996900,0.004764036357510278,0.012344951652247986,-0.020726932872206037
AAPL,2023-06-05,179.9498694414483,182.23581511366768,175.42721727327233,176.9446258544922,121946500,-0.007600068780108469,0.012272882157641826,-0.020726932872206037
AAPL,2023-06-06,177.3288889732544,177.4766816655694,174.82615579439974,176.58004760742188,64848400,-0.002062534265258378,0.012304847041567948,-0.020726932872206037
AAPL,2023-06-07,175.82137635899298,178.55073052308683,174.71781728969785,175.21047973632812,61944600,-0.007786308521617163,0.01225062745729216,-0.020726932872206037
AAPL,2023-06-08,175.28927455408018,178.18613184931536,174.85574427470908,177.92010498046875,50214900,0.01534660854512941,0.01244836779362186,-0.020726932872206037
AAPL,2023-06-09,178.83646640490514,179.5557493602978,177.97923856717878,178.3043975830078,48900000,0.0021575874138526907,0.011541566951422833,-0.020726932872206037
AAPL,2023-06-12,178.60984190485868,181.19138823156914,178.31424143935143,181.0928497314453,54274900,0.01551769315825773,0.01175343573921798,-0.020726932872206037
AAPL,2023-06-13,180.11734763302488,181.44752687931387,179.76263016037564,180.61985778808594,54929100,-0.0026152922091048675,0.011779380452880923,-0.020726932872206037
AAPL,2023-06-14,180.67899811094975,181.68403358526143,179.34881869349235,181.25048828125,57462900,0.0034853982285213644,0.011660608873891016,-0.020726932872206037
AAPL,2023-06-15,181.26036948430115,183.78279874291368,181.08300318978328,183.2802734375,65433200,0.011136542358737678,0.011611932323463628,-0.020726932872206037
AAPL,2023-06-16,183.98971928038128,184.245913383536,181.56582838117956,182.20628356933594,101256200,-0.005877058616012178,0.011471078254775537,-0.020726932872206037
AAPL,2023-06-20,181.7037512704965,183.36895259993452,181.7037512704965,182.29493713378906,49799100,0.00048643769165016676,0.00826088700079152,-0.020726932872206037
AAPL,2023-06-21,182.18656875714527,182.68909408055805,179.91047063421516,181.2603759765625,49515700,-0.005691370267556482,0.008373420209753565,-0.020726932872206037
AAPL,2023-06-22,181.04356888160584,184.304991288712,180.97458893469445,184.25572204589844,51245300,0.016390047603776072,0.008454254899381638,-0.020726932872206037
AAPL,2023-06-23,182.82703803401998,184.80753566864925,182.29495416898448,183.94044494628906,53117000,-0.0017125500204922134,0.008372527084468026,-0.020726932872206037
AAPL,2023-06-26,184.08822111663613,185.2903184900679,182.51169553463515,182.55111694335938,48088700,-0.007581809802580713,0.008569398499864257,-0.020726932872206037
AAPL,2023-06-27,183.1620179856705,185.6253298715582,182.94524533692336,185.3001708984375,50730800,0.014946828926442753,0.008750490113912542,-0.020726932872206037
AAPL,2023-06-28,185.1720661878379,187.11315707618536,184.84692226306757,186.4727020263672,51216800,0.006307802968311894,0.008702613167741605,-0.020726932872206037
AAPL,2023-06-29,186.3052137668684,187.2806907250245,186.16726889716722,186.80772399902344,46347300,0.0017950154321196591,0.008686205905258289,-0.020726932872206037
AAPL,2023-06-30,188.81780236383452,191.62596911406445,188.45322195229386,191.1234588623047,85213200,0.022839726739065716,0.009395594601782279,-0.020726932872206037
AAPL,2023-07-03,190.9362564156046,191.03479491877454,188.94589592351636,189.63563537597656,31458200,-0.0078150782544225,0.009445528359925789,-0.020726932872206037
AAPL,2023-07-05,188.75866963191964,190.14796610334872,187.82259909124357,188.52218627929688,46920300,-0.0058888233992289716,0.009579764689611548,-0.020726932872206037
AAPL,2023-07-06,187.05407174607458,189.20208780415717,186.42346442381324,188.9951629638672,45094300,0.0025057228918863358,0.00944718314204829,-0.020726932872206037
AAPL,2023-07-07,188.601042385603,189.84254634486774,187.4482140588147,187.88174438476562,46815000,-0.005908676263986205,0.008957554624649465,-0.020726932872206037
AAPL,2023-07-10,186.48257243692333,187.20187038994513,184.29515010539157,185.8421173095703,59922200,-0.010915264101755747,0.009333864795908833,-0.020726932872206037
AAPL,2023-07-11,186.3840531601648,186.52199803845542,183.86162393721375,185.3199005126953,46638100,-0.0028139578749499217,0.009369457311806538,-0.020726932872206037
AAPL,2023-07-12,186.8964320073811,188.88679264498364,185.70419722013042,186.98512268066406,60750200,0.008945532124602912,0.009204617081257197,-0.020726932872206037
AAPL,2023-07-13,187.7043680387378,188.38424453327508,186.99493300399138,187.7437744140625,41342300,0.00404907534907827,0.009085594057540475,-0.020726932872206037
AAPL,2023-07-14,187.4383150637318,188.37437052971225,186.8471292596261,187.89157104492188,41616200,0.0007869155034148152,0.00907680192218851,-0.020726932872206037
AAPL,2023-07-17,189.08381775872684,191.46831693797242,188.9951421376018,191.14315795898438,50520200,0.017157618723298223,0.00914400861161504,-0.020726932872206037
AAPL,2023-07-18,190.51254970289233,191.4781637647375,189.5961898515042,190.886962890625,48288200,-0.001341229881012165,0.009159310277068806,-0.020726932872206037
AAPL,2023-07-19,190.26622781119138,195.32093388898534,189.82281961650222,192.23687744140625,80507300,0.0070469127470025525,0.009003838932124716,-0.020726932872206037
AAPL,2023-07-20,192.22701989757815,193.58677299126168,189.67503216410122,190.29579162597656,59581200,-0.010148688635947478,0.009270367247633957,-0.020726932872206037
AAPL,2023-07-21,191.25155042374644,192.10877819186132,188.4236580132484,189.1232452392578,71951700,-0.006180765884560852,0.009213434755306822,-0.020726932872206037
AAPL,2023-07-24,190.5717048030419,192.04969224832402,189.4287242369893,189.92138671875,45377800,0.0042113386752390645,0.008898937541908685,-0.020726932872206037
AAPL,2023-07-25,190.49287261199655,191.5865838976961,190.08888577789457,190.7786102294922,37283200,0.004503414585627331,0.008909072022071017,-0.020726932872206037
AAPL,2023-07-26,190.82785426220883,192.7689453418544,190.48299959942145,191.6456756591797,47471900,0.0045345808173207,0.008564221820984416,-0.020726932872206037
AAPL,2023-07-27,193.14334195652393,194.30601782591035,189.72426422082378,190.38442993164062,47460200,-0.006602884387395396,0.008666853173822198,-0.020726932872206037
AAPL,2023-07-28,191.8131659299023,193.7444090416655,191.29094501886246,192.95614624023438,48291400,0.013417598088621094,0.008921205084433396,-0.020726932872206037
AAPL,2023-07-31,193.18275583360523,193.60645326737566,192.39449307660055,193.56703186035156,38824100,0.0031609288310016346,0.008759573055137604,-0.020726932872206037
AAPL,2023-08-01,193.36013930235927,193.8429388199064,192.41422090280528,192.7393798828125,35175100,-0.004284957322715738,0.008716045456768299,-0.020726932872206037
AAPL,2023-08-02,192.17775117305615,192.31569604997566,189.03457754647138,189.7538604736328,50389300,-0.015611151920388597,0.009281534138873072,-0.020726932872206037
AAPL,2023-08-03,188.75870197685728,189.54694988427917,187.89161123685508,188.36456298828125,61235200,-0.007348511212630656,0.009329610041383015,-0.020726932872206037
AAPL,2023-08-04,182.79748597555601,184.63019095429203,179.25031019901363,179.3192901611328,115956800,-0.04921128913243941,0.012733350431015228,-0.020726932872206037
AAPL,2023-08-07,179.4572213905704,180.44254624962392,174.74736976708382,176.22535705566406,97576100,-0.01740434698277366,0.013085092617696536,-0.020726932872206037
AAPL,2023-08-08,177.05302113799038,177.62451134366992,174.97398514494694,177.16140747070312,67823000,0.005297609860713261,0.01308751996396299,-0.020726932872206037
AAPL,2023-08-09,178.21567520898486,178.27479228591488,174.41232123291388,175.57501220703125,60378500,-0.008994852082631004,0.012808632816402116,-0.020726932872206037
AAPL,2023-08-10,176.84611157664116,178.097478428752,174.9937109597073,175.3582763671875,54686900,-0.0012351969702313918,0.012717761202435575,-0.020726932872206037
AAPL,2023-08-11,174.95375100085724,176.23639103718068,174.19402209160106,175.41746520996094,52036700,0.0003374739830584874,0.012705349979138044,-0.020726932872206037
AAPL,2023-08-14,175.59504844195268,177.2920967961584,174.9438523177461,177.06517028808594,43675600,0.00934920994122492,0.012012148213011622,-0.020726932872206037
AAPL,2023-08-15,176.49291042563854,177.08489459113486,174.68732936330193,175.0819854736328,43622600,-0.011263505887319857,0.012080605391932701,-0.020726932872206037
AAPL,2023-08-16,174.7662850202376,176.15745776554937,174.14468726786023,174.21376037597656,46964900,-0.00497129951376966,0.012073312810609822,-0.020726932872206037
AAPL,2023-08-17,174.7761369036864,175.1411945839284,171.1649745274817,171.67803955078125,66062900,-0.01466219351248496,0.012227326198442407,-0.020726932872206037
AAPL,2023-08-18,170.0007213782545,172.76335939467492,169.6652621694116,172.1614990234375,61172200,0.0028121244767982828,0.012264400084160784,-0.020726932872206037
AAPL,2023-08-21,172.7337554755455,173.77960771425435,171.4215020828672,173.49346923828125,46311900,0.00770697331216636,0.012316550505144377,-0.020726932872206037
AAPL,2023-08-22,174.69721483499137,175.30893640777694,173.89802631437342,174.8649444580078,42038900,0.00787397261951467,0.01245473201943894,-0.020726932872206037
AAPL,2023-08-23,176.13770818549477,179.12727253692543,175.95024126986627,178.7030029296875,52722800,0.021711296311280378,0.013043476382276969,-0.020726932872206037
AAPL,2023-08-24,178.25900483655056,178.6832744289853,173.66118769058747,174.02626037597656,54945800,-0.026519016803330856,0.01376806507914585,-0.020726932872206037
AAPL,2023-08-25,175.0129196769248,176.75928869570708,173.47373983758078,176.22650146484375,51449600,0.012563898253634605,0.01403125502708147,-0.020726932872206037
AAPL,2023-08-28,177.68678985123202,178.18011761364104,176.16734696728648,177.78546142578125,43820700,0.00880744269604879,0.013714565788856202,-0.020726932872206037
AAPL,2023-08-29,177.30196426395187,182.4325690983829,177.1046362040057,181.66297912597656,53003900,0.021575656922306504,0.014397647292351127,-0.020726932872206037
AAPL,2023-08-30,182.4720614420058,185.34323241647965,182.27473336292013,185.14588928222656,60813900,0.018990897618777522,0.014805815174979843,-0.020726932872206037
AAPL,2023-08-31,185.33333184264131,186.59624944883035,184.9781353249528,185.36293029785156,60794500,0.0011715836653876282,0.014715253747980984,-0.020726932872206037
AAPL,2023-09-01,186.96134589549212,187.38560051082152,185.76748618147488,186.93174743652344,45766500,0.008427874576003006,0.014775228894293654,-0.020726932872206037
AAPL,2023-09-05,185.7674844117445,187.44479564304942,185.1064270757959,187.1685333251953,45280000,0.0012658954428494825,0.01475337896208704,-0.020726932872206037
AAPL,2023-09-06,185.88584392275033,186.3298508313997,179.048330235654,180.4691162109375,81755800,-0.036449796894029024,0.016108192098619793,-0.020726932872206037
AAPL,2023-09-07,172.84227669356144,175.83185624974686,171.22416252451072,175.19052124023438,112488800,-0.02968558728036842,0.016835555170685232,-0.020726932872206037
AAPL,2023-09-08,175.97000602806156,177.83478423163749,175.41746632815568,175.80226135253906,65551300,0.0034857738509840807,0.0168616904147159,-0.020726932872206037
AAPL,2023-09-11,177.6670388917848,177.89396541040293,174.97345890425444,176.9665069580078,58953100,0.00660064006273971,0.016682589321350815,-0.020726932872206037
AAPL,2023-09-12,177.09479044187466,177.72624932161176,172.4871113411862,173.94735717773438,90370200,-0.01720777995932209,0.01684183897919359,-0.020726932872206037
AAPL,2023-09-13,174.15454941477398,174.93401565723292,171.65831231126361,171.88525390625,84267900,-0.011925582750809292,0.01691077381280679,-0.020726932872206037
AAPL,2023-09-14,171.67803539320033,173.75001770449512,171.26364194197464,173.3948211669922,60895800,0.008744071772557696,0.016909661286628495,-0.020726932872206037
AAPL,2023-09-15,174.1249606133089,174.1446979390041,171.50046839224674,172.67457580566406,109259500,-0.004162439138141806,0.016891437640542382,-0.020726932872206037
AAPL,2023-09-18,174.12494029407293,176.98624997924455,173.8190795297471,175.59506225585938,67257600,0.016771803167162928,0.01482226682428882,-0.020726932872206037
AAPL,2023-09-19,175.1510553991506,177.23289871202428,174.7662604292434,176.6803741455078,51826900,0.006161742837231819,0.014527980981768565,-0.020726932872206037
AAPL,2023-09-20,176.86782730089922,177.30195805066697,173.0593371622532,173.1481475830078,58436200,-0.020194731916476267,0.014951977971094658,-0.020726932872206037
AAPL,2023-09-21,172.22069958579337,173.94734650075085,171.53990496478352,171.6089630126953,63149100,-0.008929154756014223,0.014950735614124997,-0.020726932872206037
AAPL,2023-09-22,172.33909518451154,174.7169382879251,171.7273736602944,172.45748901367188,56725400,0.0049323479009795055,0.014986360629591819,-0.020726932872206037
AAPL,2023-09-25,171.87535356826675,174.6083930174941,171.82601779128095,173.7302703857422,46172700,0.0073531606611678705,0.015055363574671122,-0.020726932872206037
AAPL,2023-09-26,172.48711848209095,172.86203732750283,169.36928354767613,169.665283203125,64588900,-0.023676352420596902,0.015523932600013163,-0.020726932872206037
AAPL,2023-09-27,170.31646332448594,170.7308568174817,166.79411110643792,168.1556854248047,66921800,-0.008937324600041615,0.015478830047232106,-0.020726932872206037
AAPL,2023-09-28,167.0802102082604,169.73431545858824,165.38316183381656,168.41220092773438,56294400,0.0015243020085923852,0.015471791611610896,-0.020726932872206037
AAPL,2023-09-29,169.72445084440017,170.7604419321708,168.06686209293406,168.92526245117188,51861100,0.0030418318434040333,0.015274175554804672,-0.020726932872206037
AAPL,2023-10-02,168.9351141150612,171.97401410977108,168.64897565996583,171.4313507080078,52164500,0.014726515960699453,0.015517267939673039,-0.020726932872206037
AAPL,2023-10-03,169.96126458937815,171.31299281082715,168.54049336939298,170.09939575195312,49594600,-0.007799951967911331,0.015505077177704158,-0.020726932872206037
AAPL,2023-10-04,168.80687858022958,171.88525384459265,168.68848474300435,171.34259033203125,53020300,0.007282057417986426,0.01549421775940494,-0.020726932872206037
AAPL,2023-10-05,171.47084810780015,173.10869980697885,170.3756599300563,172.57591247558594,48527900,0.007172207487414849,0.014988895984504157,-0.020726932872206037
AAPL,2023-10-06,171.48069938400815,175.61478762599208,170.86896284182788,175.1214599609375,57266700,0.014642578106814285,0.014462496622330519,-0.020726932872206037
AAPL,2023-10-09,174.45053908507856,176.66065260372454,173.45402254968238,176.60145568847656,42390800,0.008415740895452151,0.014359767731503879,-0.020726932872206037
AAPL,2023-10-10,175.7233522345748,177.32172934204314,175.57534487507363,176.0094757080078,43698000,-0.0033576981535774113,0.014276069627512275,-0.020726932872206037
AAPL,2023-10-11,175.82199530812358,177.44998580714199,175.23001108089,177.40065002441406,47551100,0.007872901203548551,0.013760791444653198,-0.020726932872206037
AAPL,2023-10-12,177.667018413921,179.9067149957359,176.6507496538397,178.29847717285156,56743100,0.005048249976088865,0.013297269505790599,-0.020726932872206037
AAPL,2023-10-13,178.9990143278533,179.50220314362676,175.7627859383901,176.46331787109375,51427100,-0.010345960003682238,0.013390697230909547,-0.020726932872206037
AAPL,2023-10-16,174.39132507709223,176.6902337432856,174.15452238414363,176.3350372314453,52517000,-0.0007272179331138641,0.013256992932219125,-0.020726932872206037
AAPL,2023-10-17,174.29265257502803,176.03903666999224,172.46734930467605,174.78598022460938,57549400,-0.00882355074159416,0.013300627608711407,-0.020726932872206037
AAPL,2023-10-18,173.23694427289632,175.21025492862336,172.77321506438722,173.49346923828125,54764400,-0.007422297939617499,0.011687256809624895,-0.020726932872206037
AAPL,2023-10-19,173.69080766680926,175.46679037407037,172.85215962113486,173.11856079101562,59302900,-0.0021632751375692504,0.010391793323481878,-0.020726932872206037
AAPL,2023-10-20,172.97054807703984,173.07908076842247,170.33618008275127,170.57298278808594,64244000,-0.014813425584305033,0.010688863745847413,-0.020726932872206037
AAPL,2023-10-23,168.62928473640696,171.68790756499885,167.6623515662161,170.69139099121094,55980100,0.000693938289340555,0.010597920664535144,-0.020726932872206037
AAPL,2023-10-24,170.74070856198063,171.35243005141567,169.1620540054936,171.12550354003906,43816600,0.0025400311638927226,0.010174405600450624,-0.020726932872206037
AAPL,2023-10-25,169.58633193718455,170.75057806188605,168.3727349771656,168.81674194335938,57157000,-0.013583466759363384,0.010242624052232778,-0.020726932872206037
AAPL,2023-10-26,168.09649022321696,169.09302189873856,163.45921245305613,164.66293334960938,70625300,-0.024913203075675905,0.010999151764481132,-0.020726932872206037
AAPL,2023-10-27,164.68262749452305,166.70527372020223,164.60369326977082,165.9751434326172,58499100,0.007937482490043397,0.011127686841963698,-0.020726932872206037
AAPL,2023-10-30,166.76449089816728,168.8857938712959,166.61648356307745,168.0175323486328,51131000,0.012230294389358645,0.010901685270567724,-0.020726932872206037
AAPL,2023-10-31,167.09013127959398,168.61943540994406,165.65946862061676,168.49118041992188,44846000,0.0028150735247418276,0.010837829339006585,-0.020726932872206037
AAPL,2023-11-01,168.71805482147735,171.9049471971035,167.84979334743332,171.64842224121094,56934900,0.018564921440150588,0.010852748865371378,-0.020726932872206037
AAPL,2023-11-02,173.17776232760195,175.40759814141026,173.118565411641,175.20040893554688,77334800,0.020482184465410332,0.011361907807563344,-0.020726932872206037
AAPL,2023-11-03,171.91482054448556,174.46039296073306,171.03669795189808,174.2926483154297,79829200,-0.005194739309599607,0.011381954459251902,-0.020726932872206037
AAPL,2023-11-06,174.0263127771948,177.0356001960179,173.8585831383387,176.83827209472656,63841300,0.01449982460409885,0.011606104241386283,-0.020726932872206037
AAPL,2023-11-07,176.7889073081916,180.00541354681909,176.58171810512866,179.39369201660156,70530000,0.014347189548039856,0.010920526611441267,-0.020726932872206037
AAPL,2023-11-08,179.91659936077735,181.00191115396063,179.1667317000403,180.4493865966797,49340300,0.005867544335932177,0.010749010221293504,-0.020726932872206037
AAPL,2023-11-09,180.51847829944086,181.6629871195562,179.3838155582821,179.97581481933594,53763500,-0.002627852037028535,0.010786700922801597,-0.020726932872206037
AAPL,2023-11-10,181.75413731292954,184.3228271167955,181.31943456996746,184.1548614501953,66133400,0.022954562198325226,0.011432740340811693,-0.020726932872206037
AAPL,2023-11-13,183.58186108306094,183.7893232540613,181.9912524470517,182.5741424560547,43627500,-0.008620691391878493,0.011392907249202354,-0.020726932872206037
AAPL,2023-11-14,185.4391901985185,185.84425545326624,184.0560589323069,185.1823272705078,60108400,0.014184541999105427,0.011441164562179433,-0.020726932872206037
AAPL,2023-11-15,185.5873915048758,187.21751156501972,185.5182274044454,185.74545288085938,53790500,0.0030363109646390648,0.011410437480317328,-0.020726932872206037
AAPL,2023-11-16,187.28665942031617,188.6599164347462,186.37772744350028,187.4249725341797,54412900,0.009001415327919348,0.011440061459538974,-0.020726932872206037
AAPL,2023-11-17,187.9584954748911,188.08693448765234,186.29873780998344,187.40524291992188,50922700,-0.00010527227241870737,0.011226331556964318,-0.020726932872206037
AAPL,2023-11-20,187.6028350817968,189.59850904887813,187.592960955599,189.14404296875,46505100,0.009235510320526196,0.011242817839596716,-0.020726932872206037
AAPL,2023-11-21,189.10452557023848,189.21320125507725,187.45464204586924,188.3437957763672,38134500,-0.004239863164028461,0.011259232559241312,-0.020726932872206037
AAPL,2023-11-22,189.18354656200316,190.60618938615343,188.53149251239262,189.00570678710938,39617700,0.003508215514381768,0.01121227398902163,-0.020726932872206037
AAPL,2023-11-24,188.57102324664504,188.60066069963858,186.97054048498805,187.68186950683594,24048300,-0.007028863248600096,0.01131952035934717,-0.020726932872206037
AAPL,2023-11-27,187.6324520630897,188.37341847212542,186.62473352580105,187.50401306152344,40552600,-0.0009480978197673857,0.01110234004132656,-0.020726932872206037
AAPL,2023-11-28,187.49414676130317,188.77849160556613,187.11871894105684,188.10667419433594,38415400,0.0032089696615036434,0.011091972522491073,-0.020726932872206037
AAPL,2023-11-29,188.60062037243628,189.77628933979955,186.69387428755178,187.08905029296875,43014200,-0.005424509557409787,0.01099288967129557,-0.020726932872206037
AAPL,2023-11-30,187.55343368717286,188.02766309314677,185.92331344476767,187.662109375,48794400,0.0030583469266055488,0.010839803164877442,-0.020726932872206037
AAPL,2023-12-01,188.0375111237308,189.2526917735191,186.95075439627809,188.93655395507812,45704800,0.006768210135722942,0.010826635775580335,-0.020726932872206037
AAPL,2023-12-04,187.69172432124148,187.7608884211111,185.19219887595256,187.14834594726562,43389500,-0.009509669143650226,0.010567367375181477,-0.020726932872206037
AAPL,2023-12-05,187.9189436108549,192.05846275973386,187.8892910892655,191.09027099609375,66628400,0.020844343212759242,0.011039580520732077,-0.020726932872206037
AAPL,2023-12-06,192.1079050949125,192.41416882595195,189.79609331061306,190.00357055664062,41089700,-0.0057030750244647845,0.011172847440244145,-0.020726932872206037
AAPL,2023-12-07,191.29776300970337,192.6512567588297,191.25823636118906,191.9300537109375,47477700,0.010088137676958129,0.01075364069569079,-0.020726932872206037
AAPL,2023-12-08,191.86088500111674,193.62933314213194,191.33726998338577,193.3527069091797,53406400,0.007385015938542392,0.009240813839683688,-0.020726932872206037
AAPL,2023-12-11,190.78404615931,191.15947399253523,189.11439931154695,190.8531951904297,60943700,-0.013011497057899283,0.009812674204500379,-0.020726932872206037
AAPL,2023-12-12,190.75440470261375,192.3746507369947,189.4107849369075,192.36477661132812,52696900,0.007888926780982384,0.009728767145298479,-0.020726932872206037
AAPL,2023-12-13,192.74018081786602,195.61513413450965,192.50308121236986,195.57562255859375,70404200,0.016553673061961226,0.009966635789919995,-0.020726932872206037
AAPL,2023-12-14,195.63488831127654,197.2156075489979,193.79729107961322,195.7238006591797,66831600,0.0007573643040429182,0.009654357726165116,-0.020726932872206037
AAPL,2023-12-15,195.1507809689053,196.01029713155143,194.6271659416612,195.1903076171875,128538400,-0.0027294659461333743,0.009240231161063444,-0.020726932872206037
AAPL,2023-12-18,193.72813612536964,194.26164038796966,192.0486152607036,193.53054809570312,55751900,-0.008539647840639136,0.009369309533942228,-0.020726932872206037
AAPL,2023-12-19,193.79729775296602,194.57777573643529,193.5305456250714,194.56790161132812,40714100,0.00534583937072759,0.009144754192988271,-0.020726932872206037
AAPL,2023-12-20,194.5283816611859,195.2989855460905,192.4833221435547,192.4833221435547,52242800,-0.010771698916594297,0.009236966621546112,-0.020726932872206037
AAPL,2023-12-21,193.73803856316968,194.70623052718972,191.16934877699248,192.3351287841797,46482500,-0.0007701988630924203,0.009229238510964431,-0.020726932872206037
AAPL,2023-12-22,192.8291141147171,193.05635469466722,190.64574127695036,191.26815795898438,37149600,-0.0055629011199611516,0.009296683055901195,-0.020726932872206037
AAPL,2023-12-26,191.27801448490152,191.55464074590694,190.5074106042434,190.72476196289062,28919300,-0.002845059865203766,0.008448798076542384,-0.020726932872206037
AAPL,2023-12-27,190.1715387793259,191.1693682979628,188.78839218591511,190.82357788085938,48087700,0.0005179732676522415,0.008245991663257556,-0.020726932872206037
AAPL,2023-12-28,191.80160450052028,192.31534537884878,190.84328683757997,191.24835205078125,34049900,0.0022235307629532197,0.00789174270676554,-0.020726932872206037
AAPL,2023-12-29,191.56450759639273,192.05848519728596,189.42064661751613,190.2110137939453,42672100,-0.0054388011243323145,0.007970391130193882,-0.020726932872206037
AAPL,2024-01-02,184.89581391743906,186.17028459685415,181.6750853181039,183.4040069580078,82488700,-0.03644264704375956,0.010326502644682028,-0.020726932872206037
AAPL,2024-01-03,182.0011090098209,183.64111826756874,181.22061595613366,182.03074645996094,58414500,-0.007515798371680031,0.010399592862300399,-0.020726932872206037
AAPL,2024-01-04,179.95604798314233,180.88472835710988,178.70135563320858,179.7189483642578,71983600,-0.01278137674012824,0.010431378078324546,-0.020726932872206037
AAPL,2024-01-05,179.79796753554595,180.5586821654936,177.99988188294327,178.99771118164062,62379700,-0.004021213597420238,0.010429621302174778,-0.020726932872206037
AAPL,2024-01-08,179.89677561800764,183.36450834315934,179.313885613353,183.32498168945312,59144500,0.023887415035348494,0.011398938634909355,-0.020726932872206037
AAPL,2024-01-09,181.7047124117811,182.91989304556353,180.52904335165846,182.91001892089844,42841800,-0.002266102068017328,0.011345365202479415,-0.020726932872206037
AAPL,2024-01-10,182.12955368013527,184.1548498527509,181.70472508990332,183.9473876953125,46792900,0.005655448251258219,0.011407456023663796,-0.020726932872206037
AAPL,2024-01-11,184.29316874581366,184.7970355796361,181.4083411771675,183.3546142578125,49128400,-0.0032277196910586114,0.011393121765424723,-0.020726932872206037
AAPL,2024-01-12,183.818931403084,184.49074873898914,182.95941525310155,183.6806182861328,40477800,0.0017764186385631237,0.01136931565552609,-0.020726932872206037
AAPL,2024-01-16,179.96593271976667,182.04062970854807,178.7507369031224,181.41822814941406,65603000,-0.012393460658252939,0.011545897246315093,-0.020726932872206037
AAPL,2024-01-17,179.08665457169852,180.72664884969066,178.12833676151584,180.4796600341797,47317400,-0.0051869339400466155,0.011470031034689587,-0.020726932872206037
AAPL,2024-01-18,183.84857190455077,186.86183815424235,183.59170899023258,186.3579864501953,78005800,0.032051397633763676,0.012894062408270816,-0.020726932872206037
AAPL,2024-01-19,187.04957995238564,189.63801803091337,186.5457281731689,189.25271606445312,68903000,0.015413761676381107,0.012624593802221511,-0.020726932872206037
AAPL,2024-01-22,189.98379650311966,192.97729968749402,189.94426985134535,191.5546417236328,60133900,0.012089859349557796,0.012780075039517797,-0.020726932872206037
AAPL,2024-01-23,192.67104017695664,193.39224330006388,191.49537099853464,192.8291015625,42355600,0.006631209208346249,0.012703864469565434,-0.020726932872206037
AAPL,2024-01-24,193.06623524024957,194.0146790217886,191.99924163914412,192.15731811523438,53631300,-0.0034899107852103626,0.012645489874899402,-0.020726932872206037
AAPL,2024-01-25,192.86863967517039,193.90599578100486,190.78405333725613,191.83128356933594,54822100,-0.0016981474075899409,0.012417090096666538,-0.020726932872206037
AAPL,2024-01-26,191.93004847085402,192.41413683944202,189.6281111952244,190.10232543945312,44594000,-0.00905377217099331,0.012439204655528335,-0.020726932872206037
AAPL,2024-01-29,189.69728055859,189.88499446653958,187.29655655692048,189.420654296875,47145600,-0.003592256132118978,0.012029765438379466,-0.020726932872206037
AAPL,2024-01-30,188.64019550498801,189.48983770252025,185.21198926058483,185.77511596679688,55859400,-0.019433337728329243,0.012480594925621804,-0.020726932872206037
AAPL,2024-01-31,184.7871410441138,184.846431021382,182.12955411744667,182.17893981933594,55467800,-0.019547498389150157,0.012897377868484982,-0.020726932872206037
AAPL,2024-02-01,181.77390231724044,184.69824158324056,181.6059517240919,184.6093292236328,64885400,0.013252468411201104,0.013145110056442165,-0.020726932872206037
AAPL,2024-02-02,177.6936383802958,185.07366557426653,177.0909850527091,183.6114959716797,102551700,-0.005419767846875347,0.013096571175610774,-0.020726932872206037
AAPL,2024-02-05,185.8837890630235,186.97054595458332,183.6016146657499,185.41944885253906,69668800,0.009798459296131214,0.013156148335531291,-0.020726932872206037
AAPL,2024-02-06,184.60928468206995,187.0297715846221,184.52037234391452,187.0198974609375,43490800,0.008594464981389886,0.013278364123660192,-0.020726932872206037
AAPL,2024-02-07,188.3437817688575,188.74884702540382,186.33823388644547,187.12860107421875,53439000,0.0005810720436695346,0.013251865006348082,-0.020726932872206037
AAPL,2024-02-08,187.1088468471974,187.25703410679802,185.09342474162452,186.05174255371094,40962000,-0.0057712659728735615,0.013278716647184625,-0.020726932872206037
AAPL,2024-02-09,186.61559077121817,187.9411516715375,185.97260641439556,186.81344604492188,45155200,0.0040856833734159576,0.013307122221449464,-0.020726932872206037
AAPL,2024-02-12,186.3880527684402,186.63535673641036,184.77562606711913,185.13174438476562,41781900,-0.009042800730440259,0.013380312945804005,-0.020726932872206037
AAPL,2024-02-13,183.76663306878044,184.20189045877694,181.53099558275042,183.04449462890625,56529500,-0.011338440105991228,0.013489440772999035,-0.020726932872206037
AAPL,2024-02-14,183.32148884677065,183.52921572281525,180.4725423642709,182.16409301757812,54630500,-0.004821372478992082,0.011773428388569391,-0.020726932872206037
AAPL,2024-02-15,181.57058851615943,182.50045391335385,179.39431647047905,181.8772430419922,65434500,-0.00157592013070503,0.011696302553914115,-0.020726932872206037
AAPL,2024-02-16,181.44197861733377,182.8565652037317,179.7108507918506,180.3439483642578,49752500,-0.008466118892898737,0.011559791898708257,-0.020726932872206037
AAPL,2024-02-20,179.82955095197704,180.46264852115328,178.0588611409836,179.60203552246094,53665600,-0.0041223623858760265,0.011561054801112055,-0.020726932872206037
AAPL,2024-02-21,179.9779444437335,180.91769653606136,178.71174929095213,180.35385131835938,41371400,0.004177272363773047,0.010690636952922012,-0.020726932872206037
AAPL,2024-02-22,181.50131240098546,182.9653626660908,180.4923231436991,182.3817138671875,52292200,0.011181057881810874,0.010895907616531572,-0.020726932872206037
AAPL,2024-02-23,183.01481932952075,183.04449459753943,180.26480046872615,180.5516815185547,45119700,-0.010084758700946883,0.010987968065378955,-0.020726932872206037
AAPL,2024-02-26,180.27471486922383,180.78909628027105,178.7018500832812,179.20635986328125,40867400,-0.007479070772949787,0.011049984762410515,-0.020726932872206037
AAPL,2024-02-27,179.14699293032547,181.9365737231629,177.62359209867634,180.66049194335938,54318900,0.008081544532641255,0.011159366576051731,-0.020726932872206037
AAPL,2024-02-28,180.54180381169616,181.145226165725,178.18748003378263,179.46356201171875,48953900,-0.00664734457977015,0.010997260013219939,-0.020726932872206037
AAPL,2024-02-29,179.31516246277232,180.6011460945577,177.59392143922238,178.80076599121094,136682600,-0.0037000433750118858,0.010978094590030593,-0.020726932872206037
AAPL,2024-03-01,177.61373507516265,178.58316252471684,175.46713817545924,177.72254943847656,73563100,-0.006048523578958787,0.009158010208364207,-0.020726932872206037
AAPL,2024-03-04,174.25036500096815,174.9922768844708,171.91581500377694,173.21170043945312,81510100,-0.025709074871514685,0.009593701927302696,-0.020726932872206037
AAPL,2024-03-05,168.91849794898403,170.1846930657021,167.7907924514621,168.285400390625,95132400,-0.028853198443414888,0.010268544867549408,-0.020726932872206037
AAPL,2024-03-06,169.2152850514215,169.39335177885377,166.8609461620447,167.29620361328125,68587700,-0.005895434258584303,0.01006058122488395,-0.020726932872206037
AAPL,2024-03-07,167.32585131213037,168.88881413208614,166.67298033709926,167.17747497558594,71765100,-0.0007099431153029536,0.010085213862465586,-0.020726932872206037
AAPL,2024-03-08,167.1775154100546,171.8268279085278,167.118164861082,168.88885498046875,76267000,0.010184863200905246,0.010432204970891798,-0.020726932872206037
AAPL,2024-03-11,171.07500788792643,172.49948126334272,170.1946063009313,170.88705444335938,60139500,0.011762002214444369,0.010787585464669238,-0.020726932872206037
AAPL,2024-03-12,171.28273835287425,172.1532532324886,169.16581679091567,171.36187744140625,59825400,0.002774724818420204,0.010849221167604983,-0.020726932872206037
AAPL,2024-03-13,170.90682879160028,171.32229764254458,168.91849524765144,169.28451538085938,52488700,-0.012196740412950392,0.010555533895850998,-0.020726932872206037
AAPL,2024-03-14,171.04531257693264,172.43020869953008,170.1945863604126,171.13433837890625,72913500,0.010868030281475583,0.010380384930130875,-0.020726932872206037
AAPL,2024-03-15,169.3240932528417,170.75845336914062,168.45357838204507,170.75845336914062,121752700,-0.0021988481201490324,0.009968304966303798,-0.020726932872206037
AAPL,2024-03-18,173.67662817447325,175.79354941833483,171.64873273149365,171.84657287597656,75604200,0.006352056053791449,0.01008448559603851,-0.020726932872206037
AAPL,2024-03-19,172.45988088096897,174.70540499850514,171.1640105835326,174.18112182617188,55215200,0.01349362729242418,0.01025726759243076,-0.020726932872206037
AAPL,2024-03-20,173.82502584048726,176.7432098388672,173.2018149693641,176.7432098388672,53423100,0.014602199427514758,0.010528013703817495,-0.020726932872206037
AAPL,2024-03-21,175.14069690243886,175.57595436020992,168.9976588629672,169.52194213867188,106181300,-0.04171551669765733,0.012778188535830255,-0.020726932872206037
AAPL,2024-03-22,169.90772263085663,171.18381963278856,168.22605856941686,170.422119140625,71160100,0.00529604254643096,0.012863669060778264,-0.020726932872206037
AAPL,2024-03-25,168.73057383883838,170.085794876263,167.6226416976105,169.00755310058594,54288300,-0.008335006307035995,0.012830089203171231,-0.020726932872206037
AAPL,2024-03-26,168.16670300567833,169.57138777241732,167.7512341389727,167.8798370361328,57388400,-0.0066949390787196675,0.012801224700829701,-0.020726932872206037
AAPL,2024-03-27,168.57230438056465,171.7279058767874,168.27553655784754,171.44102478027344,60273300,0.02099086088535457,0.013442488380851172,-0.020726932872206037
AAPL,2024-03-28,169.89782982249778,170.37264922530974,168.67119667981044,169.6307373046875,65672700,-0.010615387589172796,0.01352308304750119,-0.020726932872206037
AAPL,2024-04-01,169.3438746978549,169.40322523760474,167.65230884379906,168.19638061523438,46240500,-0.008491712077255072,0.013567843818881181,-0.020726932872206037
AAPL,2024-04-02,167.25662806803024,167.51381877100314,166.41578850586058,167.0192108154297,49329500,-0.007023388343768356,0.01354890253053364,-0.020726932872206037
AAPL,2024-04-03,166.9697692049817,168.83938692190523,166.76204228878962,167.82049560546875,47691700,0.004786089010564578,0.013610927658583977,-0.020726932872206037
AAPL,2024-04-04,168.45358430225178,170.0660111961713,166.99945068359375,166.99945068359375,53704400,-0.004904406542706668,0.013563692636940407,-0.020726932872206037
AAPL,2024-04-05,167.76113794678497,168.55251376624304,167.12804031006615,167.75125122070312,42104800,0.004491711574174096,0.013383725688294029,-0.020726932872206037
AAPL,2024-04-08,167.20716991074772,167.37533481002382,166.4256959559663,166.6334228515625,37425500,-0.006685907697632476,0.013334115674486405,-0.020726932872206037
AAPL,2024-04-09,166.88071513080217,168.2458378687617,166.53449863101693,167.8402557373047,42373800,0.007216341375738444,0.013421152817672989,-0.020726932872206037
AAPL,2024-04-10,166.97964653177021,167.2665125006067,165.30786924976792,165.97064208984375,49709300,-0.011201750508412054,0.013374228530648397,-0.020726932872206037
AAPL,2024-04-11,166.5246149420751,173.56784300454478,166.3465633103838,173.15235900878906,91070300,0.04236097699638006,0.015684961905058855,-0.020726932872206037
AAPL,2024-04-12,172.38075949507746,176.43655077441642,172.33131077483722,174.6460723876953,101670900,0.008589587692340485,0.01577745069046207,-0.020726932872206037
AAPL,2024-04-15,173.46890241983837,174.72521085075485,170.63974431610336,170.82769775390625,73531800,-0.022106049481445244,0.016228158088369894,-0.020726932872206037
AAPL,2024-04-16,169.89781183493915,171.88613013777277,166.45534511410173,167.55337524414062,73711200,-0.019353474364328275,0.015937658315164752,-0.020726932872206037
AAPL,2024-04-17,167.78091646807817,168.80969440593617,166.1882781982422,166.1882781982422,50901200,-0.008180607034009486,0.015122719127869166,-0.020726932872206037
AAPL,2024-04-18,166.21794611620325,166.8213684176903,164.75391081370103,165.23861694335938,43122900,-0.0057307591377495125,0.015120692148500309,-0.020726932872206037
AAPL,2024-04-19,164.41758473594675,164.60552308162337,162.31054999578998,163.2206268310547,68149400,-0.012287768066958344,0.015275504020422997,-0.020726932872206037
AAPL,2024-04-22,163.73501821268977,165.45624419964858,162.99310629576294,164.0515594482422,48116400,0.0050779408548793994,0.015177023508202953,-0.020726932872206037
AAPL,2024-04-23,163.56685559955991,165.24851961582092,163.14148491226467,165.10012817382812,49537800,0.006371361971826747,0.015052501987034552,-0.020726932872206037
AAPL,2024-04-24,164.74401450706145,167.47426013692973,164.41758653276062,167.19728088378906,48251800,0.012622310595247682,0.015247119437774737,-0.020726932872206037
AAPL,2024-04-25,167.70180396406673,168.77015916171027,166.33668091803779,168.05792236328125,50558300,0.005134258091994649,0.015129076075311504,-0.020726932872206037
AAPL,2024-04-26,168.04802077933093,169.49226770262163,167.35555749623813,167.47427368164062,44838400,-0.0034789464449726006,0.014991896205741536,-0.020726932872206037
AAPL,2024-04-29,171.50034913417457,174.1316669492416,171.2332717193323,171.6289520263672,68169400,0.024505141416315542,0.015678159944279204,-0.020726932872206037
AAPL,2024-04-30,171.46079655206535,173.10289859543835,168.1667057400835,168.49314880371094,65934800,-0.0184398018777864,0.01599130187407785,-0.020726932872206037
AAPL,2024-05-01,167.75125295718234,170.84750390177777,167.28632022447192,167.47427368164062,50383100,-0.006065339538529253,0.015791958225357703,-0.020726932872206037
AAPL,2024-05-02,170.64963546996492,171.54982559320527,169.04711048582428,171.16403198242188,94214900,0.02179259856565737,0.016093460484444596,-0.020726932872206037
AAPL,2024-05-03,184.63712970012278,184.98336128032037,180.69016817589636,181.40240478515625,163224100,0.05809544632790745,0.01764324586063546,-0.020726932872206037
AAPL,2024-05-06,180.38352481626606,182.21356516877455,178.47433028646978,179.75042724609375,78569700,-0.009148420913207674,0.017754219691218116,-0.020726932872206037
AAPL,2024-05-07,181.4716631656838,182.90602327557747,179.36464345444207,180.4329833984375,77305800,0.0037900522301683613,0.017653828068319877,-0.020726932872206037
AAPL,2024-05-08,180.87813197889614,181.09576068278213,179.4932206728727,180.76931762695312,45057100,0.0018623044469340325,0.017574430962739793,-0.020726932872206037
AAPL,2024-05-09,180.59124108896245,182.6686003878229,180.14609698041687,182.57957458496094,48983000,0.009964372948208396,0.017286585868128028,-0.020726932872206037
AAPL,2024-05-10,183.15407071820343,183.3422790564332,180.41023740048718,181.32154846191406,50759500,-0.006914137138142637,0.017205738373837733,-0.020726932872206037
AAPL,2024-05-13,183.68900761377958,185.3333368917867,182.87674310968822,184.5210723876953,72044800,0.017491704466015744,0.017301566552940482,-0.020726932872206037
AAPL,2024-05-14,185.7394637127145,186.52201273815805,184.53098214319476,185.66021728515625,52393600,0.006154543868033868,0.01720301135404727,-0.020726932872206037
AAPL,2024-05-15,186.13568203158255,188.849800179078,185.6007724639543,187.9285888671875,70400000,0.01214382990868596,0.01727388362029259,-0.020726932872206037
AAPL,2024-05-16,188.67151097089564,189.29556710780693,187.86916171755817,188.04745483398438,52845200,0.0006323060883723294,0.017207434025189948,-0.020726932872206037
AAPL,2024-05-17,187.72056236134898,189.0082902438942,187.3936765447615,188.07716369628906,41282900,0.0001579735061349671,0.01722097422628632,-0.020726932872206037
AAPL,2024-05-20,187.54228461702792,190.10782534306233,187.22529890901677,189.2361297607422,44361300,0.00614327525417415,0.01711022131551483,-0.020726932872206037
AAPL,2024-05-21,189.28567056183377,190.91018461353585,189.11727756366656,190.53378295898438,42309400,0.006833918143974642,0.017108069723629427,-0.020726932872206037
AAPL,2024-05-22,190.4544861006955,190.99929572387472,188.47337119073995,189.097412109375,34648500,-0.0075672269428598655,0.017007615842201205,-0.020726932872206037
AAPL,2024-05-23,189.1766947549615,189.19651013997458,184.86777806929078,185.11541748046875,51005900,-0.021282781448694166,0.01604464900879086,-0.020726932872206037
AAPL,2024-05-24,187.03710655742805,188.78048261582597,186.26445766907554,188.18614196777344,36327000,0.01645208101744301,0.01621547060830025,-0.020726932872206037
AAPL,2024-05-28,189.70169698060212,191.17763337385156,187.31446444482384,188.19606018066406,52280100,5.2702879340808025e-05,0.015547430257054705,-0.020726932872206037
AAPL,2024-05-29,187.81962268312432,190.4346940804733,187.72056087959155,188.49319458007812,53068000,0.0015776104961095275,0.014957604120276522,-0.020726932872206037
AAPL,2024-05-30,188.9587703074631,190.36536034504638,188.83000809203267,189.4837646484375,49889100,0.005241442960888584,0.014782726480846102,-0.020726932872206037
AAPL,2024-05-31,189.63235836586054,190.7516933437122,188.11680637508078,190.43470764160156,75158300,0.005006047604675813,0.014659137389142733,-0.020726932872206037
AAPL,2024-06-03,191.07857147290113,193.14884852262287,190.7021698304424,192.19790649414062,50080500,0.009216210368254794,0.014320108389766956,-0.020726932872206037
AAPL,2024-06-04,192.80214765697744,193.47573474401025,191.20734917579057,192.514892578125,47471400,0.001647910630906826,0.014336843364395934,-0.020726932872206037
AAPL,2024-06-05,193.5549597642067,195.04079624688396,193.02996541617088,194.02052307128906,54156800,0.007790427717723193,0.014342726887330364,-0.020726932872206037
AAPL,2024-06-06,193.8421969316698,194.64454607729934,192.33654532022595,192.64361572265625,41181800,-0.007122011226592235,0.014451549002322277,-0.020726932872206037
AAPL,2024-06-07,192.81202934049514,195.08041469163098,192.30685040959915,195.0308837890625,53103900,0.012315993159925476,0.014517939832168961,-0.020726932872206037
AAPL,2024-06-10,195.04080033594326,195.43703247512377,190.33565137548777,191.29649353027344,97010200,-0.019333377840598066,0.015112192369402403,-0.020726932872206037
AAPL,2024-06-11,191.82147267998263,205.20391549352811,191.8016724106265,205.19400024414062,172373300,0.07013132770478447,0.01899813563410462,-0.020726932872206037
AAPL,2024-06-12,205.41194501546696,218.12080209568063,204.94638168818946,211.05813598632812,198134300,0.028177747234457373,0.018839924611537176,-0.020726932872206037
AAPL,2024-06-13,212.71235034689784,214.70336573665497,209.60200000148347,212.21707153320312,97862700,0.005476051620231396,0.01867027352842402,-0.020726932872206037
AAPL,2024-06-14,211.83075578674166,213.13828400218216,209.3048308005582,210.4835968017578,70122700,-0.008201947993671077,0.01870334062233981,-0.020726932872206037
AAPL,2024-06-17,211.35527186274084,216.88258512602053,210.71141546378874,214.62411499023438,93728300,0.01948047053860251,0.01622224068007174,-0.020726932872206037
AAPL,2024-06-18,215.5354294813442,216.5656178731208,210.98877362098574,212.26658630371094,79943300,-0.011045228424801042,0.01628530225468713,-0.020726932872206037
AAPL,2024-06-20,211.90997342693947,212.21705896960654,206.87795427864972,207.70010375976562,86172500,-0.02174773682016913,0.017030464878826226,-0.020726932872206037
AAPL,2024-06-21,208.40340309586463,209.88923942625428,205.15437552925596,205.53079223632812,241805100,-0.01049936717010958,0.01724940989310223,-0.020726932872206037
AAPL,2024-06-24,205.75863496180304,210.69160779538842,204.63929998769706,206.17466735839844,80727000,0.0031278460462768657,0.01721683993701266,-0.020726932872206037
AAPL,2024-06-25,207.1751328027417,209.3840873125504,206.64023830581658,207.0959014892578,55549700,0.004458268873637768,0.01709182357443145,-0.020726932872206037
AAPL,2024-06-26,209.5029286499739,212.8312027309874,208.65104852463386,211.2364044189453,66213200,0.019795928188790595,0.017157593740380898,-0.020726932872206037
AAPL,2024-06-27,212.66282504623206,213.70291360533915,210.34492376459474,212.07839965820312,49772700,0.003978109631669162,0.01715498892867656,-0.020726932872206037
AAPL,2024-06-28,213.7326216506115,214.0297919592074,208.31427026634478,208.63124084472656,82542700,-0.016387720308339297,0.017500263200601964,-0.020726932872206037
AAPL,2024-07-01,210.0873668962765,215.4561875080808,209.91897391071575,214.703369140625,60402900,0.02868910136995925,0.018082634444118995,-0.020726932872206037
AAPL,2024-07-02,214.10903193760322,218.29910171758146,213.068958487467,218.1901397705078,58046200,0.016109486345777944,0.01818724942826015,-0.020726932872206037
AAPL,2024-07-03,217.92267103394255,219.45803833007812,216.96182895702523,219.45803833007812,37369800,0.005794161475827847,0.018186571580905735,-0.020726932872206037
AAPL,2024-07-05,219.55708698216947,224.3117665065084,219.55708698216947,224.2028045654297,60412400,0.02138997487127588,0.018431397352615463,-0.020726932872206037
AAPL,2024-07-08,224.9457357840812,225.69856928044194,221.14199799041046,225.66885375976562,59085900,0.006517656122570199,0.018267727092232105,-0.020726932872206037
AAPL,2024-07-09,225.77778797195694,227.23390886254342,224.23252052432466,226.5207061767578,48076100,0.0037676828488157244,0.017540725741022088,-0.020726932872206037
AAPL,2024-07-10,227.1348758928893,230.87918266211804,227.08534498663496,230.78012084960938,62627700,0.01862904067993902,0.017586781210019067,-0.020726932872206037
AAPL,2024-07-11,229.2051258414663,230.19568345608255,223.63819688403007,225.42120361328125,64710600,-0.023494731198476334,0.01840480297137783,-0.020726932872206037
AAPL,2024-07-12,226.75843028372813,230.4433055423661,226.5206910327904,228.36312866210938,53046500,0.012966363346850512,0.018427534076725784,-0.020726932872206037
AAPL,2024-07-15,234.24705286947437,234.98997105632398,230.88906326950251,232.1866912841797,62631300,0.01660472030494562,0.01851954314940082,-0.020726932872206037
AAPL,2024-07-16,232.78106107648213,234.03907359612094,230.13627381333595,232.60276794433594,43234300,0.0017903881554930665,0.01853942757581959,-0.020726932872206037
AAPL,2024-07-17,227.2834515580279,229.2744821236097,224.49998695797876,226.71884155273438,57345900,-0.025621473697586862,0.019443305788450917,-0.020726932872206037
AAPL,2024-07-18,228.10560948409145,228.26410233218343,220.17124832102243,222.06320190429688,66034600,-0.020748631717372724,0.02001803521363028,-0.020726932872206037
AAPL,2024-07-19,222.69721075048184,224.65851095266947,221.17174328178174,222.1920166015625,49151500,0.0005799130567735321,0.020023676800799983,-0.020726932872206037
AAPL,2024-07-22,224.86651071890955,225.6292444230493,220.98352612966187,221.84532165527344,48201800,-0.0015615579451058361,0.0199377546895493,-0.020726932872206037
AAPL,2024-07-23,222.25138924131514,224.7971293607533,220.57734458918785,222.88534545898438,39960300,0.0046771035888360625,0.019885907673227406,-0.020726932872206037
AAPL,2024-07-24,221.88490694575157,222.67735606492835,215.0797809310421,216.47645568847656,61777600,-0.029175701495884002,0.020367181011130085,-0.020726932872206037
AAPL,2024-07-25,216.86277641061952,218.76466037633443,212.59347540961954,215.43638610839844,51391200,-0.0048161179284111726,0.01615148902233417,-0.020726932872206037
AAPL,2024-07-26,216.6349653026102,217.41751434744816,213.97036267942912,215.90196228027344,41601300,0.0021587524245001146,0.015355385257944009,-0.020726932872206037
AAPL,2024-07-29,214.91139345300462,217.22929471632008,213.71281205128278,216.17930603027344,36311800,0.0012837575170695722,0.01533000736929699,-0.020726932872206037
AAPL,2024-07-30,217.1203256536185,218.24956072806748,214.07930652606245,216.7340087890625,41643800,0.00256265189066839,0.015242207801663764,-0.020726932872206037
AAPL,2024-07-31,219.34907597117163,221.70660788092644,218.5467267386139,219.9830322265625,50036300,0.014879581409194464,0.015071788467931642,-0.020726932872206037
AAPL,2024-08-01,222.2514024343897,222.36036437427163,214.97081319041698,216.29815673828125,62501000,-0.016892605995637956,0.015267096368951726,-0.020726932872206037
AAPL,2024-08-02,217.08067881945357,223.4697870434651,215.6542886583774,217.7839813232422,105568600,0.0068458490111391965,0.014704240077302803,-0.020726932872206037
AAPL,2024-08-05,197.21012147966275,211.4840610296135,194.14930192882554,207.29400634765625,119548600,-0.049365554066266124,0.017290054085792348,-0.020726932872206037
AAPL,2024-08-06,203.36148541473497,208.00720313955475,199.17143085232243,205.27325439453125,69660500,-0.009796066266792195,0.017377556864342582,-0.020726932872206037
AAPL,2024-08-07,204.94634956752103,211.62271284755147,204.4411706619682,207.8387908935547,63516400,0.012420695601096652,0.017510602784095247,-0.020726932872206037
AAPL,2024-08-08,211.097744151489,212.17744837655164,206.8581585633277,211.2958526611328,47161100,0.016496561283043207,0.017392723014628075,-0.020726932872206037
AAPL,2024-08-09,210.09728825409005,214.7330909034816,209.96851092003678,214.1981964111328,42201600,0.013642441160440786,0.017557485720428315,-0.020726932872206037
AAPL,2024-08-12,214.27755355785243,217.68900361003634,213.81145133020567,215.72543334960938,38028100,0.0071047193359466895,0.01730820055898892,-0.020726932872206037
AAPL,2024-08-13,217.19315629108402,220.04926955678368,217.19315629108402,219.43441772460938,44155300,0.01704695037554055,0.016791427605421152,-0.020726932872206037
AAPL,2024-08-14,218.7401920302427,221.1797757696837,217.87739912826086,219.88064575195312,41960600,0.0020314722526163322,0.01654155735538557,-0.020726932872206037
AAPL,2024-08-15,222.73677426147512,223.48055242779947,220.9120269929499,222.85577392578125,46414000,0.013439928702468752,0.016688058146861532,-0.020726932872206037
AAPL,2024-08-16,222.06239369045758,224.94825642777528,221.79462933024135,224.1747283935547,44340200,0.005900976726473976,0.016253811658689034,-0.020726932872206037
AAPL,2024-08-19,223.84746435464618,224.11522871504155,221.18968933533225,224.01605224609375,40687800,-0.0007080741547788382,0.016207305969981864,-0.020726932872206037
AAPL,2024-08-20,223.8970537532744,225.28543353253482,223.57970115675508,224.6309051513672,30299000,0.0027409225898760736,0.016199622324396434,-0.020726932872206037
AAPL,2024-08-21,224.64083485973637,226.08871448701353,223.1830285060583,224.52182006835938,34765500,-0.0004857371625620433,0.015801292915376897,-0.020726932872206037
AAPL,2024-08-22,225.90027790842765,226.44571820828537,222.04254943445835,222.66732788085938,43695300,-0.008294042138742899,0.015287691598569107,-0.020726932872206037
AAPL,2024-08-23,223.78798715352852,226.32674764036014,222.4690186706249,224.95819091796875,38677300,0.01023571240678439,0.015213253019912805,-0.020726932872206037
AAPL,2024-08-26,224.87885041051024,225.39454085782168,222.0326640536948,225.2953643798828,30602200,0.0014977051084814788,0.014873765730296801,-0.020726932872206037
AAPL,2024-08-27,224.1251624880706,226.95152567852384,223.02437015551794,226.13832092285156,35934600,0.0037345796299424225,0.014890588403936159,-0.020726932872206037
AAPL,2024-08-28,226.02922904592305,227.95313769677003,223.80780609600177,224.61109924316406,38052200,-0.006776392627304175,0.014194694270005258,-0.020726932872206037
AAPL,2024-08-29,228.19113851748892,230.98773644426686,226.98125820388418,227.88369750976562,51906300,0.014464941261641356,0.013899284822877726,-0.020726932872206037
AAPL,2024-08-30,228.28039594132485,228.4886453526855,225.59287085733376,227.1002655029297,52990800,-0.0034437819562532926,0.013921501032314937,-0.020726932872206037
AAPL,2024-09-03,226.65400042223428,227.10026429068756,219.335218503661,220.9219512939453,50190600,-0.027582140636574708,0.014848786409813694,-0.020726932872206037
AAPL,2024-09-04,219.82114598403248,219.94014563997789,215.67581475954933,219.0178680419922,43840200,-0.00865616185454086,0.014899117994472749,-0.020726932872206037
AAPL,2024-09-05,219.79139340374425,223.60944526365165,219.6823053430495,220.53517150878906,36615400,0.006903874422102248,0.01393665646753405,-0.020726932872206037
AAPL,2024-09-06,222.0921370424939,223.37144384512357,217.9468210396507,218.9881134033203,48423000,-0.007039738496923595,0.01397242748362506,-0.020726932872206037
AAPL,2024-09-09,218.9881580786729,219.43442200208585,214.91225266471454,219.07740783691406,67180000,0.00040767616030431116,0.01396911102658039,-0.020726932872206037
AAPL,2024-09-10,217.10388142289187,219.6426417511051,214.9320468059923,218.2840118408203,51591000,-0.0036281063244111835,0.013988218987000818,-0.020726932872206037
AAPL,2024-09-11,219.6228241682371,221.2392917639212,216.08243282408242,220.8128662109375,44587100,0.01151856210593427,0.014132488244889224,-0.020726932872206037
AAPL,2024-09-12,220.6541869199912,221.69547936785247,217.9964268983011,220.9219512939453,37455600,0.0004938939875349651,0.013873709178880502,-0.020726932872206037
AAPL,2024-09-13,221.72523244234597,222.18140791181287,220.06908820245332,220.65419006347656,36766600,-0.0012127524030783904,0.013500163038000949,-0.020726932872206037
AAPL,2024-09-16,214.7436126542421,215.41797935337752,212.14535259122513,214.52545166015625,59357400,-0.02816833808524583,0.014428950578559243,-0.020726932872206037
AAPL,2024-09-17,213.96018092212807,215.1006346980314,212.72055067344832,214.99154663085938,45519300,0.0021703222713490397,0.01109311551318235,-0.020726932872206037
AAPL,2024-09-18,215.745241460142,220.86243852013078,215.7353147340035,218.85919189453125,59894900,0.017829854285083768,0.011292368035916855,-0.020726932872206037
AAPL,2024-09-19,223.12352684243388,227.91345980340301,222.7665127356472,226.97132873535156,66781300,0.03639514072985698,0.012793794156783408,-0.020726932872206037
AAPL,2024-09-20,228.06222073119503,231.15633305592988,225.7317097608303,226.30690002441406,318679900,-0.0029316615917446883,0.012573491571064061,-0.020726932872206037
AAPL,2024-09-23,225.4540253555904,227.54652178723228,223.9367191660146,224.59124755859375,54146000,-0.007609970254689737,0.01251022853534005,-0.020726932872206037
AAPL,2024-09-24,226.75316007712865,227.44736512534206,223.85738561877668,225.48377990722656,43556100,0.003966154370516554,0.012475503532641347,-0.020726932872206037
AAPL,2024-09-25,223.06400902085235,225.40443143928672,222.16156973744518,224.4920654296875,42308700,-0.0044078636375960685,0.012163079383646283,-0.020726932872206037
AAPL,2024-09-26,225.4143769570366,226.60441901953834,223.54005654723983,225.63255310058594,36636700,0.005067441612798205,0.01218663388419647,-0.020726932872206037
AAPL,2024-09-27,226.56475422029098,227.6159582791164,225.41437368594384,225.90029907226562,34026000,0.0011859425145807597,0.011953606206299938,-0.020726932872206037
AAPL,2024-09-30,228.13162655878588,231.06707763671875,227.74486252768645,231.06707763671875,54541900,0.022614300362103074,0.012588894142129096,-0.020726932872206037
AAPL,2024-10-01,227.615942887257,227.74485413807125,221.88389405688537,224.33340454101562,63285000,-0.029574689353939414,0.013772271838385053,-0.020726932872206037
AAPL,2024-10-02,224.01605029183685,225.48376819979168,221.16986421787885,224.89866638183594,32880600,0.0025165707247126697,0.013770819527660396,-0.020726932872206037
AAPL,2024-10-03,223.27226484855484,224.92840891217833,221.4673712198949,223.79786682128906,34044200,-0.004906664917599665,0.013800259474641854,-0.020726932872206037
AAPL,2024-10-04,226.00938361911108,226.10856009308668,222.27066963907552,224.91851806640625,37245100,0.004994930485343819,0.013741581189783143,-0.020726932872206037
AAPL,2024-10-07,222.63757729885364,223.81770763530983,219.49387702101052,219.85089111328125,39505400,-0.022788645790995248,0.014235030127004927,-0.020726932872206037
AAPL,2024-10-08,222.43925780658088,224.10531361949606,221.3979653574062,223.89706420898438,31855700,0.0182368625581359,0.014648848518298414,-0.020726932872206037
AAPL,2024-10-09,223.36151510273743,227.84402197002447,222.96483950692257,227.63575744628906,33591100,0.016560384987251365,0.014951892348478693,-0.020726932872206037
AAPL,2024-10-10,225.89038125247495,227.59611368544336,225.28544108575701,227.13992309570312,28183500,-0.002180567555697725,0.014901194857535379,-0.020726932872206037
AAPL,2024-10-11,227.39777482080956,227.5068628874906,225.4540279414576,225.66229248046875,31759200,-0.0065266282257670435,0.014708271861608684,-0.020726932872206037
AAPL,2024-10-14,226.80274288926017,229.8076053434174,226.70358155060512,229.3811798095703,39882100,0.01634555973394642,0.015004426728912973,-0.020726932872206037
AAPL,2024-10-15,231.672004479983,235.51982138099225,230.44228590022638,231.91001892089844,64751400,0.010964286559374033,0.014158078391795963,-0.020726932872206037
AAPL,2024-10-16,229.67867825777722,230.1943535005289,227.93326933706737,229.857177734375,34082200,-0.008891297282918261,0.014164026084598892,-0.020726932872206037
AAPL,2024-10-17,231.49351658619665,231.91004568892726,228.6076687095473,230.22413635253906,32993800,0.0015951906097596464,0.01412872695099662,-0.020726932872206037
AAPL,2024-10-18,234.2206797118992,234.2206797118992,232.0686835146529,233.05047607421875,46431500,0.012201725334082203,0.014167515003567773,-0.020726932872206037
AAPL,2024-10-21,232.5050303027995,234.8851292946414,232.5050303027995,234.5181884765625,36254500,0.00627808206305084,0.01418422875417893,-0.020726932872206037
AAPL,2024-10-22,231.94969236544068,234.26036494372266,230.67040061866737,233.90335083007812,38846600,-0.002625148281975294,0.014171022846051866,-0.020726932872206037
AAPL,2024-10-23,232.1381071008503,233.18931106897517,225.87052966736016,228.84564208984375,52287000,-0.021860275126728373,0.014722214626683699,-0.020726932872206037
AAPL,2024-10-24,228.07212485007065,228.90516786821388,226.51515714412935,228.65724182128906,31109500,-0.0008236025862557648,0.014726330508138841,-0.020726932872206037
AAPL,2024-10-25,227.83412074973037,231.28524701350278,227.665532857223,229.49026489257812,38802300,0.003636488148799431,0.01472614760763656,-0.020726932872206037
AAPL,2024-10-28,231.38440684709022,232.78269812140084,230.620790456467,231.46372985839844,36087100,0.008562576941624434,0.013680677496580024,-0.020726932872206037
AAPL,2024-10-29,231.1662580738538,232.38605001867157,230.3927299983884,231.7315216064453,35417200,0.001156280324705889,0.013682857430657856,-0.020726932872206037
AAPL,2024-10-30,230.68033441798144,231.53320070866118,227.64572172599728,228.191162109375,47070900,-0.01539575912613746,0.013743726004668702,-0.020726932872206037
AAPL,2024-10-31,227.43742665071557,227.92336713292326,223.5003599556127,224.035888671875,64370100,-0.018377451665590978,0.012516750884843192,-0.020726932872206037
AAPL,2024-11-01,219.1368672842602,223.4805363045207,218.44267740554844,221.06077575683594,65276700,-0.013368589170938411,0.012731766686724615,-0.020726932872206037
AAPL,2024-11-04,219.15668564471403,220.94174084677013,217.88730565861934,220.168212890625,44944500,-0.004045808895942155,0.012682386780089833,-0.020726932872206037
AAPL,2024-11-05,219.9599923572388,222.09215031274817,219.3054639601429,221.59629821777344,28111300,0.006465391700263852,0.01272198995801484,-0.020726932872206037
AAPL,2024-11-06,220.76327216240406,224.19457534628128,219.35505401685137,220.8723602294922,54561100,-0.0032722707945051274,0.012711892259181783,-0.020726932872206037
AAPL,2024-11-07,222.7665171269793,225.9895557457087,222.7070172967094,225.59286499023438,42137700,0.021146913161772682,0.013282726398594112,-0.020726932872206037
AAPL,2024-11-08,225.53329235935942,227.01256271730918,224.77877343219782,225.32481384277344,38328800,-0.0011889140373880784,0.013282455377101095,-0.020726932872206037
AAPL,2024-11-11,223.37892800863307,224.07388164377818,219.90414468405433,222.61447143554688,42005600,-0.012101530600355096,0.012737737891547033,-0.020726932872206037
AAPL,2024-11-12,222.9321731823864,223.96467356190874,221.75074442821315,222.61447143554688,40398300,0.0,0.011559304229548999,-0.020726932872206037
AAPL,2024-11-13,222.39607398240116,225.0170530189228,221.15507983350162,223.49807739257812,48566200,0.0039613640765944445,0.01157425575399249,-0.020726932872206037
AAPL,2024-11-14,223.3987876531247,227.2210402122622,223.3789275067786,226.5757293701172,44923900,0.013676423300571226,0.011809020556312336,-0.020726932872206037
AAPL,2024-11-15,224.76882873863602,225.28508648780175,222.65418524957263,223.37892150878906,47923700,-0.01420970600210156,0.012069628973090274,-0.020726932872206037
AAPL,2024-11-18,223.62711979019133,228.08477571151616,223.54769435597734,226.37716674804688,44633700,0.01333295861184807,0.011531210884328317,-0.020726932872206037
AAPL,2024-11-19,225.34467799276683,228.501774994788,225.02699136706502,226.63531494140625,36211800,0.001139695843872354,0.011061599800678255,-0.020726932872206037
AAPL,2024-11-20,226.4168829534927,228.27340522879027,224.26251907255318,227.35011291503906,35169600,0.0031489934277345462,0.01064951576822235,-0.020726932872206037
AAPL,2024-11-21,227.2309725554499,228.50174921258224,224.08381355701644,226.87356567382812,42108300,-0.0020982940279031933,0.010648956596309036,-0.020726932872206037
AAPL,2024-11-22,226.4168797117104,229.05771868234922,226.4168797117104,228.21383666992188,38168300,0.005890186650604376,0.010629395613539106,-0.020726932872206037
AAPL,2024-11-25,229.79240040372403,231.5694972757357,228.08479132337303,231.19223022460938,90152800,0.012966460387670142,0.010471046281986491,-0.020726932872206037
AAPL,2024-11-26,231.6489234928732,233.87279036398945,231.6489234928732,233.366455078125,45986200,0.009360456697544855,0.010418483572367701,-0.020726932872206037
AAPL,2024-11-27,232.78070364946953,233.99191506726265,232.12545514826604,233.2373809814453,33498400,-0.0005532492019868327,0.010277616514806886,-0.020726932872206037
AAPL,2024-11-29,233.11825362062933,236.0966394139658,232.28430923421996,235.62010192871094,28481400,0.010164032981618944,0.010427464620202498,-0.020726932872206037
AAPL,2024-12-02,235.56052304560976,239.05515126765505,235.45131496686756,237.86380004882812,48137100,0.00947747074508696,0.010335958486901687,-0.020726932872206037
AAPL,2024-12-03,238.08222901174219,241.01097200063165,237.17878168890522,240.90176391601562,38861000,0.012690990625024174,0.01052036639782969,-0.020726932872206037
AAPL,2024-12-04,241.12017980186528,242.35125137710352,239.51185632927692,241.25917053222656,44383900,0.0014825202795864469,0.01049967947602392,-0.020726932872206037
AAPL,2024-12-05,242.2321233137982,242.77814859306412,240.38552350615552,241.28895568847656,40033900,0.00012344947444362737,0.009573146774894719,-0.020726932872206037
AAPL,2024-12-06,241.1599112680226,242.86752040520184,240.33588934668637,241.0904083251953,36870600,-0.0008232001171919813,0.009573143022586479,-0.020726932872206037
AAPL,2024-12-09,240.08767817050534,245.45870413211114,240.0082527322972,244.97222900390625,44649200,0.01597285169284982,0.009915151095239844,-0.020726932872206037
AAPL,2024-12-10,245.11119868483894,246.42169557945553,243.57236314301568,245.98486328125,36914800,0.004125149546645462,0.009849474222760954,-0.020726932872206037
AAPL,2024-12-11,246.17352158557497,248.9930565140259,244.48575750906295,244.714111328125,45205800,-0.00517936600492611,0.009936354750444173,-0.020726932872206037
AAPL,2024-12-12,245.11120954102955,246.9478867446912,243.90992066775823,246.1735076904297,32777500,0.00594596647154306,0.009411637222540441,-0.020726932872206037
AAPL,2024-12-13,246.03453629863122,247.4939314395242,244.46591792091505,246.34230041503906,33155300,0.0006854307148722756,0.008556135506177908,-0.020726932872206037
AAPL,2024-12-16,246.20329464964811,249.56886987487528,245.86573275817128,249.23130798339844,51694800,0.011659379140598981,0.008096376846767154,-0.020726932872206037
AAPL,2024-12-17,248.2782345553336,252.0012166921119,247.98039295462073,251.6537322998047,51356400,0.009672651440656342,0.008013373304428886,-0.020726932872206037
AAPL,2024-12-18,250.34326772719038,252.4479889260113,245.95511429725673,246.26287841796875,56774100,-0.02165448759620852,0.009309874925807168,-0.020726932872206037
AAPL,2024-12-19,245.7168011678756,250.18437937092787,245.30975151809525,247.99029541015625,60882300,0.0069900371599346525,0.009240045037769169,-0.020726932872206037
AAPL,2024-12-20,246.25295201238012,253.1628143156686,243.91989202858784,252.656494140625,147495300,0.018641221517954616,0.009088479199840904,-0.020726932872206037
AAPL,2024-12-23,252.93444954402884,253.80809906094288,251.62395254537785,253.43084716796875,40858800,0.0030601580732349458,0.009041414373925444,-0.020726932872206037
AAPL,2024-12-24,253.64930053302467,256.34969006633503,253.4507293352449,256.33978271484375,23234700,0.011412847077096819,0.008613886111569656,-0.020726932872206037
AAPL,2024-12-26,256.32983230675023,258.2260750496306,255.77386933789322,257.1538391113281,27237100,0.003170660915207051,0.008573561145790363,-0.020726932872206037
AAPL,2024-12-27,255.97238682838486,256.836144148833,251.2367643772991,253.74853515625,42355300,-0.013330744016078425,0.009191440118431586,-0.020726932872206037
AAPL,2024-12-30,250.4127477342041,251.67360197393796,248.9434149702759,250.38296508789062,35557500,-0.013352151443498387,0.009551338644185491,-0.020726932872206037
AAPL,2024-12-31,250.62123433005314,251.45517870098834,247.63291094425557,248.61578369140625,39480700,-0.007082938740029979,0.009181509020247199,-0.020726932872206037
GOOG,2023-01-03,88.98714536421187,90.69100816654367,88.1847402886243,88.85836029052734,20738500,,,-0.028813782360343994
GOOG,2023-01-04,90.15608554655401,90.383923300654,86.97620481618242,87.8776626586914,27046500,-0.011097994411378131,,-0.028813782360343994
GOOG,2023-01-05,87.24366178434335,87.3823475961161,85.74782760558305,85.95585632324219,23136100,-0.02211178429367722,,-0.028813782360343994
GOOG,2023-01-06,86.54032028455022,87.6399059949982,84.76711456732156,87.33281707763672,26612600,0.0158924378469957,,-0.028813782360343994
GOOG,2023-01-09,88.35811793680274,89.97777948817063,87.74889035718785,87.96682739257812,22996700,0.0072334782116587676,,-0.028813782360343994
GOOG,2023-01-10,85.90631993653236,88.6354674474285,85.8865033612794,88.40267181396484,22855600,0.004942411364327885,,-0.028813782360343994
GOOG,2023-01-11,89.21499314204658,91.58256792482686,88.8979959029491,91.39435577392578,25998800,0.03328153020607086,,-0.028813782360343994
GOOG,2023-01-12,91.53302295089831,91.75095992547948,89.72019181631008,91.04762268066406,22754200,-0.003801027742188567,,-0.028813782360343994
GOOG,2023-01-13,90.6692073405569,92.10758690388832,90.07681870184632,91.92927551269531,18630700,0.009636841195682632,,-0.028813782360343994
GOOG,2023-01-17,91.90946593518143,92.09768562849669,89.9876660790859,91.2952880859375,22935800,-0.006920359852576167,,-0.028813782360343994
GOOG,2023-01-18,92.0679579934433,92.70987293236342,90.54240671437998,90.91883850097656,19641600,-0.004131953187241303,,-0.028813782360343994
GOOG,2023-01-19,90.53250250042741,93.51426229629675,90.52259421254753,93.02886199951172,28707700,0.022942565140784948,,-0.028813782360343994
GOOG,2023-01-20,95.04971556610224,98.48715839603555,95.0100975297043,98.34847259521484,53704800,0.055607225329443094,,-0.028813782360343994
GOOG,2023-01-23,98.19987523450496,100.44858039453432,97.82344343879225,100.26036071777344,31791800,0.019253395235571773,,-0.028813782360343994
GOOG,2023-01-24,98.6159351423518,100.14147882260636,97.77390456269107,98.27912139892578,27391400,-0.019958801814130383,,-0.028813782360343994
GOOG,2023-01-25,96.2879790127409,96.80310413666366,94.36816712560388,95.82239532470703,31000900,-0.025315178525019945,,-0.028813782360343994
GOOG,2023-01-26,97.35787376593706,98.27914822094509,95.91157331487909,98.22962188720703,24542100,0.02481138910641271,,-0.028813782360343994
GOOG,2023-01-27,98.12063975144311,100.62690013656659,98.04138855909059,99.76506042480469,29020400,0.015510207656144194,,-0.028813782360343994
GOOG,2023-01-30,97.81850656884623,98.47627033964943,96.60499434796813,97.03096008300781,24365100,-0.027787922384679684,,-0.028813782360343994
GOOG,2023-01-31,96.9417950317521,98.97256321505976,96.8724521334728,98.93293762207031,22306800,0.019412119149193652,,-0.028813782360343994
GOOG,2023-02-01,98.8041640326644,101.23118086998409,97.49654954335375,100.47830963134766,26392600,0.01549965680175365,,-0.028813782360343994
GOOG,2023-02-02,105.78801676233323,107.79896856541116,105.54036245047024,107.77915954589844,46622600,0.07014243496602861,,-0.028813782360343994
GOOG,2023-02-03,102.53878781561836,107.00646591669134,102.33075911191999,104.23274230957031,36823400,-0.03345800902756865,,-0.028813782360343994
GOOG,2023-02-06,101.7215150814754,103.71760794485915,101.25097346782424,102.49915313720703,25573000,-0.01677176911210997,,-0.028813782360343994
GOOG,2023-02-07,102.65766509956207,107.65037705363507,102.57643375776922,107.02629089355469,33738800,0.043219977097578605,,-0.028813782360343994
GOOG,2023-02-08,101.72648453672416,102.60813325613503,97.53122001379495,99.06172180175781,73546000,-0.07733140515408037,,-0.028813782360343994
GOOG,2023-02-09,99.59666899222697,99.666011904217,92.9793448107646,94.5643310546875,97798600,-0.0464627536171194,,-0.028813782360343994
GOOG,2023-02-10,94.84168822658921,96.10967702818944,93.64304232639495,93.9699478149414,49325300,-0.006305327737295299,,-0.028813782360343994
GOOG,2023-02-13,94.11853560681921,94.45534180316118,93.16754406926614,94.10862731933594,43116600,0.0014746977897732178,,-0.028813782360343994
GOOG,2023-02-14,93.77183256763809,94.28199984706193,91.78068977778581,94.0591049194336,42513100,-0.000526364435140097,,-0.028813782360343994
GOOG,2023-02-15,93.85106210265195,96.42666505561395,93.47463032480191,96.18891906738281,36964500,0.022390804215435448,0.03003267551052596,-0.028813782360343994
GOOG,2023-02-16,94.64357872978935,96.9616196080638,94.07892716524992,94.8813247680664,35642100,-0.013687266911577517,0.03007721224755574,-0.028813782360343994
GOOG,2023-02-17,94.17798374685643,94.85160379412974,92.57318104540263,93.70248413085938,31095100,-0.012502197287606459,0.02985579882829174,-0.028813782360343994
GOOG,2023-02-21,92.36515451556777,92.53851556540309,91.13679118534347,91.18632507324219,28367200,-0.027219758963110807,0.030242751081383665,-0.028813782360343994
GOOG,2023-02-22,91.07141275299035,91.49341821921743,90.01740049731708,90.93867492675781,29891100,-0.0027195640260259607,0.03023158721632796,-0.028813782360343994
GOOG,2023-02-23,91.26556703210306,91.26556703210306,89.16546324133444,90.21551513671875,32423700,-0.007983956994651153,0.030267141601618266,-0.028813782360343994
GOOG,2023-02-24,88.78902170716957,89.28433033390158,88.0262497474386,88.51165008544922,31295600,-0.019067237710695465,0.02982841242582226,-0.028813782360343994
GOOG,2023-02-27,89.24469986611625,89.60132266252468,88.76920784277796,89.25460815429688,22724300,0.008358868573993596,0.029872583915019388,-0.028813782360343994
GOOG,2023-02-28,88.69986471506775,90.5919396310369,88.68004813875699,89.4527359008789,30546900,0.0022173439911604897,0.02981502842938873,-0.028813782360343994
GOOG,2023-03-01,89.31405208649883,90.34428734331384,89.00695560931993,89.6607666015625,26323900,0.0023228934872996953,0.029798534198332886,-0.028813782360343994
GOOG,2023-03-02,89.01686144796916,91.61228121095239,88.9277019706581,91.4438705444336,23328600,0.01969205859311989,0.03001787095095132,-0.028813782360343994
GOOG,2023-03-03,91.86983621643438,93.22698448949603,91.79059258505562,93.13782501220703,30242500,0.01835503808996221,0.029909467055883137,-0.028813782360343994
GOOG,2023-03-06,93.47465031899748,95.39645032594404,93.41521569867882,94.6832046508789,28288200,0.01645624578235262,0.028206942719713312,-0.028813782360343994
GOOG,2023-03-07,94.52469426691607,95.18840599710096,92.9634850798182,93.28642272949219,24101500,-0.01486205671568107,0.028038352887945792,-0.028813782360343994
GOOG,2023-03-08,93.51920557595435,95.33698703701528,93.51920557595435,93.76190948486328,25395200,0.005084116751534061,0.02786994630454455,-0.028813782360343994
GOOG,2023-03-09,93.60340423213493,95.0199869355278,91.48844224277312,91.79058074951172,24438900,-0.021249005139931332,0.027760148287147977,-0.028813782360343994
GOOG,2023-03-10,91.63209205269605,92.30571205874718,89.94804581647301,90.15607452392578,32850100,-0.017967356362087888,0.027462686109199098,-0.028813782360343994
GOOG,2023-03-13,89.7152606109838,92.20666258300666,89.096124781797,90.79998779296875,31508600,0.007116821383058558,0.02731143386341591,-0.028813782360343994
GOOG,2023-03-14,92.1967406753316,93.9402290289809,91.90946078608529,93.36566925048828,32303900,0.027864559585693005,0.027469034772469692,-0.028813782360343994
GOOG,2023-03-15,92.66234379396325,96.33753309560915,92.16703514051538,95.64410400390625,38367300,0.02411034187199184,0.02760415478559443,-0.028813782360343994
GOOG,2023-03-16,95.66391105358885,101.01324591217238,94.97048197617308,100.12168884277344,54499500,0.0457522819809652,0.02876084609563598,-0.028813782360343994
GOOG,2023-03-17,99.89382429328947,102.51896110821049,99.80467238243297,101.49862670898438,76140300,0.013658933822347697,0.025687292059611743,-0.028813782360343994
GOOG,2023-03-20,100.11177781721491,101.61752028388774,99.84431448261127,100.97361755371094,26033900,-0.00518599804968778,0.025002928462748705,-0.028813782360343994
GOOG,2023-03-21,101.0231409284624,104.96579297830193,100.90426414889093,104.84691619873047,33122800,0.0376420749831186,0.02578520178964501,-0.028813782360343994
GOOG,2023-03-22,104.15349248089795,106.50125798098166,103.23221817659265,103.24212646484375,32336900,-0.01542437342865964,0.024652949054656686,-0.028813782360343994
GOOG,2023-03-23,104.8964541466262,106.09609011835958,104.4209621255232,105.26298522949219,31385800,0.01938486812013494,0.020292004420764915,-0.028813782360343994
GOOG,2023-03-24,104.74786028221999,105.163925248846,103.757243085337,105.06485748291016,25236200,-0.0018839902756587722,0.018136709331017745,-0.028813782360343994
GOOG,2023-03-27,104.33181481552643,104.41106601422265,101.66705183239566,102.093017578125,25393400,-0.02869351501605906,0.018994809472200485,-0.028813782360343994
GOOG,2023-03-28,102.03357776600551,102.03357776600551,99.33909760992549,100.40896606445312,24913500,-0.016632828061631553,0.019322055590044667,-0.028813782360343994
GOOG,2023-03-29,101.75619922819752,101.85525943589084,100.08205375428551,100.94389343261719,26148300,0.005313345218828347,0.019323473961885045,-0.028813782360343994
GOOG,2023-03-30,100.48823105636417,100.65663419978881,99.34901953954228,100.36935424804688,25009800,-0.005707927829725261,0.01899704713055425,-0.028813782360343994
GOOG,2023-03-31,100.75567096542196,103.21240486055075,100.48820765625435,103.02418518066406,28108000,0.026106844155687533,0.019292953062362648,-0.028813782360343994
GOOG,2023-04-03,101.7066636346783,103.96526958645639,101.4193837467333,103.92565155029297,20719900,0.008711986301020082,0.019102688185150325,-0.028813782360343994
GOOG,2023-04-04,103.85631069691082,105.10449057014714,103.6185646688977,104.1336898803711,20377200,0.001999798691851574,0.01820892001930717,-0.028813782360343994
GOOG,2023-04-05,105.12429885153419,105.54035625717468,103.12522804278704,103.96527099609375,21864200,-0.0016186425952297722,0.018195127414042212,-0.028813782360343994
GOOG,2023-04-06,104.77757537730204,108.60135828118527,103.83154171818221,107.87821197509766,34684200,0.03694601328870763,0.018968032854326067,-0.028813782360343994
GOOG,2023-04-10,106.38238431706604,106.95694412753764,104.60917855856144,105.9465103149414,19741500,-0.0180685768539142,0.01892341951174078,-0.028813782360343994
GOOG,2023-04-11,105.91680268059508,106.21399090151519,104.29219087060217,105.12431335449219,18721300,-0.0077907605117555154,0.019082841501718295,-0.028813782360343994
GOOG,2023-04-12,106.38237980559623,106.57753000207927,103.98508801119472,104.23274230957031,22761600,-0.008517280986180447,0.0192455923155759,-0.028813782360343994
GOOG,2023-04-13,105.47101812945367,107.24917425088286,105.44130082167865,107.17488098144531,21650700,0.02783559639631961,0.019677602645250196,-0.028813782360343994
GOOG,2023-04-14,106.67957134794642,108.55183729803106,106.58050357922731,108.4329605102539,20758700,0.011670204558530389,0.01953840313435056,-0.028813782360343994
GOOG,2023-04-17,104.44076182300655,105.70875050986348,104.33179333668522,105.42147064208984,29043400,-0.028165784891620943,0.02032790563324534,-0.028813782360343994
GOOG,2023-04-18,105.99604762245878,106.04558150895774,103.79687607936005,104.1336898803711,17641400,-0.012290768404856855,0.02040420905007828,-0.028813782360343994
GOOG,2023-04-19,103.23716741816799,104.73300149980426,102.82606793284053,104.03461456298828,16732000,-0.0009518771373817391,0.02013657643021975,-0.028813782360343994
GOOG,2023-04-20,103.66810046315067,105.88510092075104,103.65819217410655,104.9063720703125,22515300,0.008344581691573238,0.02015345924000908,-0.028813782360343994
GOOG,2023-04-21,105.094578871281,105.63942137385126,104.49525967626343,104.91627502441406,22379000,9.439356757756271e-05,0.019610161984606037,-0.028813782360343994
GOOG,2023-04-24,105.0549603433844,106.31304090099133,104.37143203567285,105.77810668945312,21410900,0.008180915548873183,0.019155011301493878,-0.028813782360343994
GOOG,2023-04-25,105.6096981039833,106.43191217678698,103.57892986302183,103.62846374511719,31408100,-0.020531528245482752,0.019722630192954102,-0.028813782360343994
GOOG,2023-04-26,104.56954876564586,106.01584896451445,102.30103448042442,103.46996307373047,37068200,-0.001530679926143238,0.019241268918941404,-0.028813782360343994
GOOG,2023-04-27,104.24265759855544,108.1258754440047,103.44025247861914,107.35319519042969,38235200,0.0368429293772024,0.019844247531649723,-0.028813782360343994
GOOG,2023-04-28,106.78854005184202,107.27394037669495,105.04505161681911,107.20459747314453,23957900,-0.001385153521569655,0.018210967670022758,-0.028813782360343994
GOOG,2023-05-01,106.70928725558902,107.66027887190182,106.49135025976138,106.69937896728516,20926300,-0.004723796665502987,0.018123895438396886,-0.028813782360343994
GOOG,2023-05-02,106.6498558595265,106.71919876412683,103.51950174828887,104.9856185913086,20343100,-0.01619196294814,0.018376994574631985,-0.028813782360343994
GOOG,2023-05-03,105.22337357552875,107.11544873810142,104.62900469149896,105.12431335449219,17116300,0.0013202115868021802,0.017048505959593528,-0.028813782360343994
GOOG,2023-05-04,105.1639225738608,105.30260837327201,103.71761485232813,104.22283172607422,19780600,-0.00861236679570517,0.01687929762614994,-0.028813782360343994
GOOG,2023-05-05,104.33181513665488,105.4413092483861,103.75626520790324,105.21841430664062,20710600,0.00950710615249257,0.016588316791732446,-0.028813782360343994
GOOG,2023-05-08,104.80235209192246,107.40272242135879,104.79740172639227,107.22441101074219,17266000,0.018885611442720593,0.016937328157686463,-0.028813782360343994
GOOG,2023-05-09,107.75933033875567,109.55730285065064,106.71422896287147,106.92721557617188,24782400,-0.002775562624483691,0.016023860235527668,-0.028813782360343994
GOOG,2023-05-10,107.53149605039515,112.44495627118967,107.46215315130809,111.22649383544922,47533500,0.03942023261281775,0.017065642356481177,-0.028813782360343994
GOOG,2023-05-11,114.77291874226678,117.32871314025233,113.85164436893757,115.80316162109375,57115100,0.040323259839162094,0.018349027943360276,-0.028813782360343994
GOOG,2023-05-12,115.90220975529907,117.15038951500426,115.4564350485947,116.8135757446289,31293800,0.008687427136581835,0.018258781512601185,-0.028813782360343994
GOOG,2023-05-15,115.39699568116487,117.68036863282822,115.38709495077313,115.86258697509766,22107900,-0.00817440045337657,0.017966385087077576,-0.028813782360343994
GOOG,2023-05-16,115.73381198342743,120.06280441118102,115.73381198342743,118.96321868896484,32370100,0.026409464810249493,0.0184142927198114,-0.028813782360343994
GOOG,2023-05-17,119.05237407455486,121.13266865986192,118.33912848923602,120.34017944335938,26659600,0.01150820224048322,0.01845148483755987,-0.028813782360343994
GOOG,2023-05-18,120.4194218154408,122.73746994348961,120.35007891524926,122.36103057861328,27014500,0.01665338083206559,0.01853296049417512,-0.028813782360343994
GOOG,2023-05-19,123.0346578764427,125.29227389565587,121.56854859729152,122.09357452392578,30268900,-0.002188186729342734,0.017591559419915893,-0.028813782360343994
GOOG,2023-05-22,122.3511230855772,125.85790861102,122.29168091883487,124.68898010253906,29760200,0.021034722480024422,0.01733717358343842,-0.028813782360343994
GOOG,2023-05-23,123.75780555281351,124.24320585856513,121.89544796088221,122.13319396972656,24477900,-0.020710274456634536,0.017830332031458136,-0.028813782360343994
GOOG,2023-05-24,120.73642613546046,121.59826585253842,119.61703137836264,120.4986801147461,23087900,-0.013473403587524167,0.01798219625647032,-0.028813782360343994
GOOG,2023-05-25,124.03517416328125,124.79795361172393,121.74685093357154,123.18324279785156,33812700,0.022034226131041355,0.017756078764728768,-0.028813782360343994
GOOG,2023-05-26,122.9009451018748,124.81778727364929,122.13321513684379,124.25313568115234,25154700,0.008647875931569642,0.017723361470070396,-0.028813782360343994
GOOG,2023-05-30,125.10503981599243,125.19419173105679,121.73694002039555,123.47052001953125,27230700,-0.006318478250401603,0.016755599225128162,-0.028813782360343994
GOOG,2023-05-31,122.5393537058231,123.72809896867997,121.94498485329967,122.21245574951172,41548800,-0.010241452524860646,0.016685577469130304,-0.028813782360343994
GOOG,2023-06-01,122.3412318554973,123.86678334589575,122.1431114262237,123.20307159423828,25017700,0.008073011806569804,0.016649616325799654,-0.028813782360343994
GOOG,2023-06-02,123.32192293724457,125.55576937594104,123.18323714531148,124.05498504638672,19367500,0.006890912553385459,0.01664357894142357,-0.028813782360343994
GOOG,2023-06-05,123.4408054090648,126.7890887025301,123.2129601359117,125.44184875488281,22672500,0.011117399540800932,0.016639778864172505,-0.028813782360343994
GOOG,2023-06-06,125.41214040912958,127.67075405294389,124.78805427204189,126.70985412597656,19450100,0.010057564912744711,0.016651954648865666,-0.028813782360343994
GOOG,2023-06-07,126.3779891497654,128.33446421064335,121.47938728633264,121.78648376464844,34179300,-0.03963048118247672,0.01801159429669633,-0.028813782360343994
GOOG,2023-06-08,121.43481089448687,122.56907184271154,120.86520901663735,121.51901245117188,24815000,-0.0021986467661768375,0.01802084464959962,-0.028813782360343994
GOOG,2023-06-09,121.41004372111246,123.11886446702421,121.27135791532972,121.7171401977539,20304500,0.001629098209644939,0.01701840834539578,-0.028813782360343994
GOOG,2023-06-12,122.23720159261838,123.57949117490408,121.2020084703982,123.18324279785156,22255700,0.011973195769200591,0.01704235991152025,-0.028813782360343994
GOOG,2023-06-13,124.4710588304923,124.67908754581516,122.68299439399232,123.26250457763672,19287700,0.0006432391985835723,0.016968782049920823,-0.028813782360343994
GOOG,2023-06-14,122.63841467613788,123.6191236062879,121.0138030423867,123.21296691894531,24659600,-0.0004019682693586936,0.01653420462579807,-0.028813782360343994
GOOG,2023-06-15,122.71765868994903,124.97627230373783,121.98460406215798,124.6097412109375,24517100,0.011272486634137924,0.016550678946069167,-0.028813782360343994
GOOG,2023-06-16,125.51120213219693,125.51120213219693,122.62850987439707,122.8959732055664,56699200,-0.01384853192949607,0.01673307439043349,-0.028813782360343994
GOOG,2023-06-20,122.37590321653752,124.0005148701846,121.67751625505244,122.68794250488281,22698000,-0.0016941724366565433,0.016765369076386257,-0.028813782360343994
GOOG,2023-06-21,122.07871327959325,122.25207431560399,119.72599739041362,120.12224578857422,22612000,-0.02113413964544153,0.017218341794631102,-0.028813782360343994
GOOG,2023-06-22,119.52789058115205,122.77215628836296,118.47783107278238,122.70777130126953,20781900,0.02129574635097302,0.017461169479834417,-0.028813782360343994
GOOG,2023-06-23,120.894929616873,122.28179527292784,120.71661821026868,121.86573028564453,29573100,-0.006885818269254595,0.01628286941299395,-0.028813782360343994
GOOG,2023-06-26,120.32630862575328,121.5685403809928,117.8735350093491,117.97259521484375,23185000,-0.032467513679790415,0.015956495576453907,-0.028813782360343994
GOOG,2023-06-27,116.73432844316498,118.77004711280364,115.81306169301082,117.89335632324219,27221700,-0.0006718976949903577,0.01588463131345348,-0.028813782360343994
GOOG,2023-06-28,116.85318835005903,120.1321284242753,116.49656560121157,119.94391632080078,19753100,0.0172438136842558,0.01609318140180215,-0.028813782360343994
GOOG,2023-06-29,118.96323106891344,119.77554453184972,118.09149054271825,118.88398742675781,18517500,-0.008876147521831258,0.015460723929059837,-0.028813782360343994
GOOG,2023-06-30,119.96374608710555,120.88502042134824,119.74580908535634,119.83496856689453,23871800,0.007967412280571884,0.015382985802902161,-0.028813782360343994
GOOG,2023-07-03,119.19106410203034,119.88449313578016,118.58183662539231,119.4288101196289,13888300,-0.0033950716621440093,0.015060363323297653,-0.028813782360343994
GOOG,2023-07-05,118.9335143952544,122.21246290166133,118.9335143952544,121.47940063476562,17830300,0.01702424366929811,0.015404233260955033,-0.028813782360343994
GOOG,2023-07-06,119.50805397800549,120.01327084748401,118.13109672561882,119.79533386230469,17732500,-0.013959970779675543,0.01506452400487782,-0.028813782360343994
GOOG,2023-07-07,119.75571928851035,120.60765073198117,118.9632224618087,119.01275634765625,20997700,-0.00655405196112709,0.014652765234406237,-0.028813782360343994
GOOG,2023-07-10,117.95278459309274,117.95278459309274,115.54558459903741,115.77342987060547,32960100,-0.027595593194012558,0.015285074657464747,-0.028813782360343994
GOOG,2023-07-11,115.66446176468737,117.11571227692745,114.74318750320144,116.60554504394531,18286600,0.007161738537458611,0.014732228820858766,-0.028813782360343994
GOOG,2023-07-12,118.1806376787771,119.82505833822478,117.88344948887458,118.49763488769531,22059600,0.016096172713715762,0.014975634396661488,-0.028813782360343994
GOOG,2023-07-13,120.39962080015377,124.15901142905346,119.92412119737055,123.65875244140625,31535900,0.04263277383840797,0.016974983841242495,-0.028813782360343994
GOOG,2023-07-14,123.95593258167851,125.89754146610137,123.72809484873932,124.52058410644531,20499800,0.006945260966098211,0.016905528563284398,-0.028813782360343994
GOOG,2023-07-17,124.8772139761707,126.0857682871298,123.33185341215618,123.8865966796875,20675300,-0.0051044321771058785,0.016876468260514484,-0.028813782360343994
GOOG,2023-07-18,123.73302756810327,123.81722911459943,122.14309135623729,122.915771484375,21045800,-0.007867268129364688,0.016889328173382644,-0.028813782360343994
GOOG,2023-07-19,123.61912585489597,124.29274587805628,121.3208941684331,121.62798309326172,22313800,-0.010532268940626347,0.016846800511776307,-0.028813782360343994
GOOG,2023-07-20,120.97418037126181,123.52996711289927,117.57140500406632,118.40847778320312,27541700,-0.02682674439457531,0.0173482348978772,-0.028813782360343994
GOOG,2023-07-21,119.73590311240841,120.16186880868443,117.95278913780889,119.18115234375,56514600,0.006504301422517281,0.0159060439182127,-0.028813782360343994
GOOG,2023-07-24,120.78200090025031,122.19263586902922,120.24111868377832,120.7364273071289,22276100,0.01296525875363963,0.016097252812585238,-0.028813782360343994
GOOG,2023-07-25,120.73642077389616,122.52944303271279,120.38970626787396,121.63788604736328,31820800,0.007438600934557165,0.01615504724725618,-0.028813782360343994
GOOG,2023-07-26,129.13683403528188,130.1373517738148,127.50232201493895,128.4434051513672,46216900,0.054439896585349444,0.01887404341503718,-0.028813782360343994
GOOG,2023-07-27,130.56335791246926,132.3464720038847,127.96793041222345,128.65145874023438,35931600,0.0016184970102852464,0.01887354587687405,-0.028813782360343994
GOOG,2023-07-28,129.74112586843327,132.81204499739755,129.69159198913687,131.76197814941406,26971000,0.023890221542400294,0.019308496905704235,-0.028813782360343994
GOOG,2023-07-31,131.76200094985018,132.5743143871464,130.89026800898102,131.86106872558594,18381900,0.0007517596205125701,0.019234111984542057,-0.028813782360343994
GOOG,2023-08-01,129.6272039518171,131.6728308011773,129.523193382621,130.65249633789062,22154300,-0.009207759806553412,0.01912153914249555,-0.028813782360343994
GOOG,2023-08-02,128.62172089773065,129.19628063077278,126.65039498090951,127.4329833984375,22705800,-0.02495049284068371,0.019739583060969266,-0.028813782360343994
GOOG,2023-08-03,127.1655268820738,128.55240005058604,126.57611598849901,127.56178283691406,15018100,0.0010102124944111732,0.019281835194416813,-0.028813782360343994
GOOG,2023-08-04,128.38400561319946,130.69213057527315,127.11105877986782,127.33393859863281,20521900,-0.001787745182078301,0.01894300465911063,-0.028813782360343994
GOOG,2023-08-07,128.294848840066,130.82092613095577,128.21559763739882,130.70205688476562,17621000,0.02610728463715869,0.01940740801758595,-0.028813782360343994
GOOG,2023-08-08,129.75103492313426,130.70203407354293,128.90901938354088,130.60296630859375,16836000,-0.0007584284428271462,0.01827728999505479,-0.028813782360343994
GOOG,2023-08-09,130.94971622269225,131.2270878848032,128.28991092832194,128.92884826660156,17745200,-0.012901241144308271,0.018505962377137364,-0.028813782360343994
GOOG,2023-08-10,130.7317467368167,131.4023964834076,128.8149049665163,128.98826599121094,17855700,0.00046075054640338814,0.018312648378265364,-0.028813782360343994
GOOG,2023-08-11,127.98971917028504,129.2161097919863,127.54196430800741,128.94863891601562,15205500,-0.00030726177412522494,0.018196789789308918,-0.028813782360343994
GOOG,2023-08-14,128.63166061958478,130.6723298100272,128.3740904512554,130.59307861328125,17526200,0.012672041460556244,0.018263819848824907,-0.028813782360343994
GOOG,2023-08-15,130.35532115182343,130.75157712378538,128.6009418602045,129.04771423339844,14769200,-0.011904004850397982,0.018429717092320264,-0.028813782360343994
GOOG,2023-08-16,128.0669932016916,129.66980811759802,127.25469494008578,127.89859008789062,17548400,-0.00894452877849822,0.018337624736198505,-0.028813782360343994
GOOG,2023-08-17,129.2260155501174,131.2478656937124,128.63165427725878,129.23593139648438,23665600,0.01040197449437907,0.01815801474294471,-0.028813782360343994
GOOG,2023-08-18,127.84905759078886,128.6118370920849,125.80838851061189,126.90797424316406,23627200,-0.018177447926226338,0.01847965471086036,-0.028813782360343994
GOOG,2023-08-21,126.6504149836953,128.0471813880754,125.96689421466243,127.72027587890625,21851100,0.006380316331580209,0.017615291288670586,-0.028813782360343994
GOOG,2023-08-22,127.91841652168459,129.72133214383666,127.71533816172975,128.47315979003906,15557900,0.005877481415688591,0.01760707506708978,-0.028813782360343994
GOOG,2023-08-23,129.62225651190874,132.81204485527684,129.28543520242425,131.96011352539062,26497000,0.026779697372590727,0.01798034600019823,-0.028813782360343994
GOOG,2023-08-24,133.4628839711207,133.7036001939468,129.07741983949816,129.1962890625,18680400,-0.021166838152012018,0.016946140622011444,-0.028813782360343994
GOOG,2023-08-25,128.9189482984563,130.1671207853546,126.83864570467045,129.4637908935547,20678100,0.002068366533155359,0.016915072142758884,-0.028813782360343994
GOOG,2023-08-28,130.84073902912394,131.98985876203415,129.62228394309412,130.55345153808594,16715500,0.008381498190997589,0.01691826352384877,-0.028813782360343994
GOOG,2023-08-29,131.75009725777056,136.0067761345469,131.73226082885307,134.21871948242188,30803300,0.027687971012972174,0.017458273119490535,-0.028813782360343994
GOOG,2023-08-30,134.29796268128686,135.96219209404575,133.7541027878167,135.6451873779297,21773400,0.010571855997654981,0.01732166914797197,-0.028813782360343994
GOOG,2023-08-31,135.76409111193695,137.10141527072972,135.53625338691933,136.061279296875,28147900,0.003062807074928681,0.01634092141208214,-0.028813782360343994
GOOG,2023-09-01,137.13112944618425,137.27973109306936,134.66450233344906,135.5164337158203,16671600,-0.004012452317984592,0.016412026192309113,-0.028813782360343994
GOOG,2023-09-05,135.15980574967176,136.0810724394843,134.28805782463942,135.42727661132812,17730200,-0.000658122734073088,0.0163518343936129,-0.028813782360343994
GOOG,2023-09-06,135.72942313907535,136.19005653676774,133.4262410349935,134.099853515625,15814300,-0.009850094331938765,0.016523927567890753,-0.028813782360343994
GOOG,2023-09-07,133.33707967259514,135.2984974742499,132.70308527632196,134.92205810546875,16976000,0.006112566407117008,0.01342696682687703,-0.028813782360343994
GOOG,2023-09-08,134.59515128811034,136.22472078011262,134.59515128811034,135.9126739501953,17810700,0.007315311849684396,0.013466872822861072,-0.028813782360343994
GOOG,2023-09-11,136.09099378573126,136.96670203809268,135.26877970786336,136.44761657714844,17180800,0.003928203438167393,0.012816768613810557,-0.028813782360343994
GOOG,2023-09-12,135.84334099437157,136.34855032296872,134.65458826606488,134.7932891845703,15212900,-0.012198365888500673,0.013047169472477313,-0.028813782360343994
GOOG,2023-09-13,134.62486068626356,136.40797452703626,133.66396086972546,136.20985412597656,16394900,0.010454327767520765,0.013024412839334604,-0.028813782360343994
GOOG,2023-09-14,137.0915214274124,138.24064107190486,135.773998663306,137.68589782714844,19064600,0.010778246687111121,0.012136147779835838,-0.028813782360343994
GOOG,2023-09-15,137.49767372434079,138.0524169513221,135.89286354272275,137.0023651123047,48958800,-0.0049767989237705715,0.012211831936983096,-0.028813782360343994
GOOG,2023-09-18,136.3386661198986,138.6170738555694,136.3386661198986,137.65618896484375,16233600,0.004761002909684201,0.012193281112786943,-0.028813782360343994
GOOG,2023-09-19,136.95284492386156,137.8691689708886,136.2098819315079,137.52740478515625,15479100,-0.0009359874063314838,0.011366985933130678,-0.028813782360343994
GOOG,2023-09-20,137.52740175424057,137.53730248563028,133.2578436041093,133.32717895507812,21473500,-0.031017105238275756,0.01283944923871516,-0.028813782360343994
GOOG,2023-09-21,131.14782177707747,131.9403186283257,129.8600162832516,130.1274871826172,22058400,-0.02429145898985676,0.013410850907903959,-0.028813782360343994
GOOG,2023-09-22,130.44446705625882,131.76198976043258,129.28544673355384,130.0185089111328,17348700,-0.0008378239872649456,0.013412438023161659,-0.028813782360343994
GOOG,2023-09-25,129.54302769964582,130.97941975205546,128.80996546085356,130.9298858642578,14650000,0.006985140947733167,0.013467673782875745,-0.028813782360343994
GOOG,2023-09-26,129.6856654371149,130.1720558364626,126.98722507128885,128.2353973388672,20378800,-0.020794340845549007,0.013807143034661455,-0.028813782360343994
GOOG,2023-09-27,128.22551123571347,130.48411756743448,128.16607661366098,130.2265625,18764200,0.015408105360756005,0.013936420485778991,-0.028813782360343994
GOOG,2023-09-28,129.46375123222626,132.92099523762442,129.46375123222626,131.880859375,18201400,0.01262321249944083,0.013999077412661766,-0.028813782360343994
GOOG,2023-09-29,132.82195665619318,133.6243541737195,130.08785861210004,130.61288452148438,23237300,-0.009661066180151239,0.014014744718897264,-0.028813782360343994
GOOG,2023-10-02,130.91503787862754,134.0899683768247,130.8258859426984,133.90174865722656,19210400,0.024868443695728652,0.014253638348653123,-0.028813782360343994
GOOG,2023-10-03,133.66398176962144,133.97108582224357,131.56883590527895,132.04928588867188,19628700,-0.01393108119583308,0.01450811177801867,-0.028813782360343994
GOOG,2023-10-04,132.4058828534343,135.28858219079444,132.17803004125156,134.99139404296875,22848000,0.022035797733932796,0.014983319204833406,-0.028813782360343994
GOOG,2023-10-05,134.85272083401819,135.21924435167315,133.19343404320912,134.7140350341797,15922900,-0.002056755828110664,0.01422115814058045,-0.028813782360343994
GOOG,2023-10-06,133.67388182797617,137.88004446092162,133.67388182797617,137.42831420898438,20826700,0.019948157199966298,0.014022064523137322,-0.028813782360343994
GOOG,2023-10-09,136.69527452571924,138.656692373109,135.41736985749054,138.19110107421875,16599100,0.005535087663693478,0.014036421964170922,-0.028813782360343994
GOOG,2023-10-10,138.20102512626954,139.41949538589523,137.13115654289223,137.89393615722656,19554900,-0.002152706533689059,0.014007526195475347,-0.028813782360343994
GOOG,2023-10-11,138.53782014767333,140.8855780523298,138.5279043017716,140.37045288085938,20146300,0.017800208799115615,0.013484520400316629,-0.028813782360343994
GOOG,2023-10-12,140.82617393254984,141.04411097091509,138.1415941139355,138.9737091064453,18173100,-0.010000247755787034,0.013529956342077572,-0.028813782360343994
GOOG,2023-10-13,139.33029372652263,140.01382196687155,136.67544706526826,137.27972412109375,19438700,-0.01226414599156212,0.013729781912479026,-0.028813782360343994
GOOG,2023-10-16,138.41893522915194,139.58291344634492,138.01279367058098,139.17181396484375,17345600,0.013688615382326066,0.01391726036646876,-0.028813782360343994
GOOG,2023-10-17,138.71611516447282,139.92466926935847,137.22920695796037,139.6671142578125,17424000,0.0035525944462261446,0.013922369938018736,-0.028813782360343994
GOOG,2023-10-18,139.42936825567105,140.65773900199736,137.40355793396554,137.97315979003906,18304900,-0.012202663993106592,0.013992202472940888,-0.028813782360343994
GOOG,2023-10-19,138.4882930055606,139.68198859217338,137.29955534213997,137.6759796142578,21831200,-0.002156221431078893,0.013968404648876883,-0.028813782360343994
GOOG,2023-10-20,137.28966440488801,137.7354392200974,134.96666534920968,135.45703125,24970300,-0.01624847305176777,0.014241883001288516,-0.028813782360343994
GOOG,2023-10-23,134.95176558917115,137.71559580978658,133.8422792553538,136.60609436035156,20780700,0.008447083302533761,0.014309821953380434,-0.028813782360343994
GOOG,2023-10-24,137.85429850875798,139.38975825123777,137.44814181330872,138.80528259277344,26535200,0.015970545588874938,0.01440305029148822,-0.028813782360343994
GOOG,2023-10-25,128.5524029370568,128.87930843878306,124.90692364876766,125.48148345947266,58796100,-0.10091390084339533,0.023411344585539187,-0.028813782360343994
GOOG,2023-10-26,123.3021339043443,124.28284289419223,121.1723052433129,122.28179931640625,33907400,-0.025829993892818003,0.023635717696548743,-0.028813782360343994
GOOG,2023-10-27,122.86625839851669,123.27241510567517,120.32037232501712,122.24217224121094,37367700,-0.00032411607982472056,0.023644044262214833,-0.028813782360343994
GOOG,2023-10-30,123.29220947699953,125.36260324879596,122.71764971661497,124.57010650634766,24165600,0.018864566331404646,0.023958253876816226,-0.028813782360343994
GOOG,2023-10-31,125.08523625155061,125.37251615965454,122.76224515964172,124.12434387207031,21123400,-0.003584825563840568,0.023954008641454482,-0.028813782360343994
GOOG,2023-11-01,124.16395200968759,126.5414347206259,123.75285253650084,126.37303161621094,26536600,0.017954265156380326,0.02367536372562428,-0.028813782360343994
GOOG,2023-11-02,128.3443740176491,128.8693999735057,126.90798196642604,127.37357330322266,24091700,0.007886189238247807,0.023347213541574895,-0.028813782360343994
GOOG,2023-11-03,127.87877023130085,129.5033818284643,127.7995190417296,129.14675903320312,19529400,0.013825133912738888,0.02349750858300669,-0.028813782360343994
GOOG,2023-11-06,128.99815897828321,130.32558225431717,128.71087155674888,130.21661376953125,15360400,0.008249898917443472,0.02351201961957494,-0.028813782360343994
GOOG,2023-11-07,130.74165742217266,132.02946284074213,129.909542579018,131.15771484375,19223800,0.007201205612858302,0.023219462671882848,-0.028813782360343994
GOOG,2023-11-08,131.11809411469258,132.2870151633801,130.91997369642914,132.0096435546875,15093600,0.0064744479868845,0.023081884574005174,-0.028813782360343994
GOOG,2023-11-09,132.1087205163419,132.70309692811955,130.27607250971087,130.4543914794922,17976500,-0.011851302052223463,0.02306942940424446,-0.028813782360343994
GOOG,2023-11-10,130.2958789779535,133.01017554489323,129.64206799885125,132.80213928222656,20872900,0.017836670867416162,0.02323292951094457,-0.028813782360343994
GOOG,2023-11-13,132.10870628274628,132.85166915961034,131.52424578069497,132.38607788085938,16409900,-0.0031378599486972278,0.022780510861547382,-0.028813782360343994
GOOG,2023-11-14,134.3772082190257,135.95230095040276,133.83238088766527,134.15927124023438,22317300,0.013305199463682381,0.022764533006404724,-0.028813782360343994
GOOG,2023-11-15,135.35792733289907,135.5560477405973,134.0602212795145,135.10037231445312,15840900,0.006990315325348349,0.02243775914193274,-0.028813782360343994
GOOG,2023-11-16,135.6749561257981,137.57693958493655,134.8032080386685,137.39862060546875,17615100,0.01686833967051859,0.022642264330467787,-0.028813782360343994
GOOG,2023-11-17,136.52686881658678,136.70517265585826,134.20881309672586,135.65512084960938,25565300,-0.012770551626071795,0.022468373651018884,-0.028813782360343994
GOOG,2023-11-20,134.22863882903837,137.12619733980026,134.21873809805422,136.6259307861328,19569400,0.0071309703305062234,0.022484873801225717,-0.028813782360343994
GOOG,2023-11-21,136.64572357297996,137.66110004219883,136.41292795261435,137.3193359375,17648100,0.005062373520961146,0.022503834306004535,-0.028813782360343994
GOOG,2023-11-22,137.79485653747216,139.7760909083021,137.6957887726832,138.7062225341797,17306400,0.010049056872845073,0.022334625872748412,-0.028813782360343994
GOOG,2023-11-24,138.23073321382248,138.36645637138452,136.1801632359065,136.92312622070312,8828600,-0.012938543711215096,0.022384575001290406,-0.028813782360343994
GOOG,2023-11-27,136.2792229161765,138.3198920413351,136.24949049218026,136.7547149658203,17886400,-0.0012307264293682308,0.022274919006564167,-0.028813782360343994
GOOG,2023-11-28,136.33863469411833,137.35896908577598,135.7541591241763,137.3193359375,17046900,0.004120213267738368,0.022138350576097754,-0.028813782360343994
GOOG,2023-11-29,137.68094584917378,138.35951628020874,135.01618289746708,135.1201934814453,21014700,-0.016144428280152407,0.0223070914072891,-0.028813782360343994
GOOG,2023-11-30,135.1201940863547,135.67495247316987,131.54406501780983,132.66346740722656,29913500,-0.018349103116939228,0.02244037832661051,-0.028813782360343994
GOOG,2023-12-01,132.069091796875,132.24739563661834,130.91203652213494,132.069091796875,24268000,-0.004490392952562753,0.022447465705650177,-0.028813782360343994
GOOG,2023-12-04,130.06211398923656,130.21664097671334,128.1858724899174,129.4043426513672,24117100,-0.020383266946035043,0.02255430730798215,-0.028813782360343994
GOOG,2023-12-05,129.14674586615268,132.28700024410944,128.51275152983993,131.14779663085938,19235100,0.013382964391011316,0.022647361951724142,-0.028813782360343994
GOOG,2023-12-06,131.6530471745714,132.05920393866785,130.07796912721832,130.19683837890625,16360600,-0.0072774591215272475,0.02243064109194626,-0.028813782360343994
GOOG,2023-12-07,135.31830730269195,138.6863995307633,134.9517686824547,137.15093994140625,38419400,0.05203462406706414,0.015522974771886326,-0.028813782360343994
GOOG,2023-12-08,134.3871248501399,136.69526460038568,134.2979729352816,135.35792541503906,23016100,-0.013159501427678097,0.014871215191663236,-0.028813782360343994
GOOG,2023-12-11,132.56440905714481,133.52529389347072,131.6431271447468,133.43614196777344,24502900,-0.014299543234459602,0.015206571439473788,-0.028813782360343994
GOOG,2023-12-12,132.019554365271,133.27762728684888,131.58368039234514,132.38607788085938,26584000,-0.007900540063666186,0.015022929914153911,-0.028813782360343994
GOOG,2023-12-13,133.28255337323745,133.51534895700635,131.70251815660455,132.71295166015625,25414500,0.002466051614879729,0.014985540545374591,-0.028813782360343994
GOOG,2023-12-14,133.50547142225258,133.76798435035266,129.83027531323404,131.9501953125,29619100,-0.005763994482606122,0.014751193222569214,-0.028813782360343994
GOOG,2023-12-15,131.672847172221,133.56492980661625,131.3855748116135,132.58421325683594,58594000,0.00479347213672554,0.014715349876249336,-0.028813782360343994
GOOG,2023-12-18,132.60402891819217,137.0816232295836,132.51487699127028,135.9027862548828,25699800,0.02472180790456807,0.015161946235670739,-0.028813782360343994
GOOG,2023-12-19,136.70519247398107,137.46797205566628,136.16034991563447,136.80426025390625,20661000,0.006611323720093802,0.015140472336200417,-0.028813782360343994
GOOG,2023-12-20,139.01330578957197,141.73552279270598,138.10193982992914,138.34959411621094,33507300,0.011232625571956218,0.01520922143452165,-0.028813782360343994
GOOG,2023-12-21,139.44919364634666,140.69736593194963,139.15498322712807,140.4695281982422,18101500,0.01520681161796649,0.015384723121484145,-0.028813782360343994
GOOG,2023-12-22,140.79644456018505,141.90593112183532,140.7221361686718,141.3809051513672,18513500,0.006467118880859985,0.015175216773257732,-0.028813782360343994
GOOG,2023-12-26,141.63843720879495,142.59439425541942,141.16294520468912,141.47994995117188,11170100,0.0007003076040101955,0.014905187485808958,-0.028813782360343994
GOOG,2023-12-27,141.48988790697314,141.97529588437826,139.7275726241379,140.11293029785156,17288400,-0.009709268154509726,0.015032709624885225,-0.028813782360343994
GOOG,2023-12-28,140.519065837848,140.93512327749826,139.50665184355572,139.95440673828125,12192500,-0.0011320390173097,0.014885067521558474,-0.028813782360343994
GOOG,2023-12-29,139.3600421945444,140.1079631342926,138.58736186717886,139.60769653320312,14881000,-0.0024803818455799704,0.01486304168171693,-0.028813782360343994
GOOG,2024-01-02,138.2901824735398,139.29565843821084,136.44763367296397,138.25054931640625,20071900,-0.009768707817741085,0.014682742395596625,-0.028813782360343994
GOOG,2024-01-03,137.29954896746202,139.76617610352244,137.13113074294253,139.04302978515625,18974300,0.0057158382743508415,0.014506216391815862,-0.028813782360343994
GOOG,2024-01-04,138.53781119026326,139.31543414671305,136.71506418959441,136.74478149414062,18253300,-0.01666717237087871,0.014797111695316155,-0.028813782360343994
GOOG,2024-01-05,137.05387038448754,137.50756566769752,135.56596449733863,136.10089111328125,15439500,-0.00471982252838913,0.014790149754299962,-0.028813782360343994
GOOG,2024-01-08,136.7051806048661,139.32040954224743,136.5863113717732,139.21144104003906,17645300,0.022597478777189813,0.015262730247640443,-0.028813782360343994
GOOG,2024-01-09,138.74585365352706,141.46015043912683,138.47838275587108,141.22239685058594,19579700,0.014341994500261966,0.015270485464535372,-0.028813782360343994
GOOG,2024-01-10,141.1827710497498,143.16894830599284,141.1233364347866,142.4507598876953,16641900,0.008660464943999016,0.01532665612078869,-0.028813782360343994
GOOG,2024-01-11,143.5354724728605,145.28391109280847,140.8806107193371,142.32196044921875,17471100,-0.0009045771456394849,0.015322910125717723,-0.028813782360343994
GOOG,2024-01-12,142.98569511506196,143.38195109795163,142.0148944093176,142.8866424560547,13998700,0.003959787600590633,0.01497418642631995,-0.028813782360343994
GOOG,2024-01-16,142.08420868813738,144.4715996157822,141.71372489258854,142.72811889648438,19198900,-0.0011100517010923865,0.014494908543454612,-0.028813782360343994
GOOG,2024-01-17,141.56911772524037,142.0644263603866,139.19162720716656,141.54930114746094,17884500,-0.008293479697411277,0.0145740028194504,-0.028813782360343994
GOOG,2024-01-18,142.09413321638348,144.21901133722204,142.00498129636424,143.6295928955078,18876800,0.014589639639266454,0.014086710440002124,-0.028813782360343994
GOOG,2024-01-19,144.93224834865558,146.6509698683086,144.43199692002082,146.58163452148438,27181000,0.020344791447097985,0.014311090722962085,-0.028813782360343994
GOOG,2024-01-22,147.31468331403704,148.60743144180594,146.19528109536097,146.32406616210938,21829200,-0.0017587122760915415,0.014200042677978109,-0.028813782360343994
GOOG,2024-01-23,146.3339889997547,147.46329211893962,145.80896303916296,147.28497314453125,14113600,0.006545509739227801,0.01093554512261432,-0.028813782360343994
GOOG,2024-01-24,148.8798355559014,150.14783933534574,148.4340608892714,148.9392852783203,19245000,0.011169438596224667,0.010641864925329361,-0.028813782360343994
GOOG,2024-01-25,150.31628880818312,153.30794245483526,149.80116353092558,152.19845581054688,21495100,0.02164655803588536,0.010628718320730814,-0.028813782360343994
GOOG,2024-01-26,151.43563418621358,152.66400485573405,151.3662988479857,152.3470001220703,19494500,0.000975514954563844,0.010395915356597554,-0.028813782360343994
GOOG,2024-01-29,152.19840851580327,153.7437687517426,151.48516300450555,153.38714599609375,20909300,0.006804276854901107,0.010394211231329895,-0.028813782360343994
GOOG,2024-01-30,152.56493660339433,153.58527102369084,151.34152386043058,151.61395263671875,26578900,-0.011627586558675995,0.01065213967465535,-0.028813782360343994
GOOG,2024-01-31,144.0258404758438,144.22396090148592,140.22187388728463,140.4695281982422,43908600,-0.07634692073511071,0.018221265157551538,-0.028813782360343994
GOOG,2024-02-01,142.34178755987563,143.2630542982646,140.92519710700438,141.37098693847656,25526900,0.0063969639982778565,0.017731288210849717,-0.028813782360343994
GOOG,2024-02-02,139.5680469197977,142.52999758179078,136.87356711542847,142.19317626953125,42136100,0.005798981266271257,0.017723539568289443,-0.028813782360343994
GOOG,2024-02-05,142.68851110819787,145.29383947828697,142.55974113613482,143.57015991210938,29254400,0.009637305600821723,0.017695042935634574,-0.028813782360343994
GOOG,2024-02-06,144.59048147717596,145.363161621479,143.16399040596488,144.04563903808594,21517700,0.003306352160570258,0.01750337128935638,-0.028813782360343994
GOOG,2024-02-07,144.74898297303056,145.620730961362,143.84753279304508,145.30372619628906,21436100,0.008696027968228477,0.017532795152838756,-0.028813782360343994
GOOG,2024-02-08,145.59099928454006,146.2249936364928,145.0461568456078,145.83865356445312,18241300,0.003674682954392797,0.01753996352065164,-0.028813782360343994
GOOG,2024-02-09,146.5618110906567,149.2810655716589,146.0466859164844,148.81051635742188,21877700,0.020172896297765915,0.01775729373588961,-0.028813782360343994
GOOG,2024-02-12,148.13690074859878,149.17705191114663,147.16610005084343,147.33450317382812,17236100,-0.009968260874787895,0.01788399640065932,-0.028813782360343994
GOOG,2024-02-13,144.6994699818096,146.65097207167983,143.7484707642411,144.99664306640625,18138500,-0.0159949425855062,0.018161326952884662,-0.028813782360343994
GOOG,2024-02-14,145.9872523972121,146.44294296155215,144.189279754922,145.75941467285156,16651800,0.005246826925975296,0.018053419398898013,-0.028813782360343994
GOOG,2024-02-15,143.10458752923842,143.40176063862108,140.54879297920039,142.58946228027344,26724300,-0.021987809615498396,0.018546070503644464,-0.028813782360343994
GOOG,2024-02-16,142.85692556799395,143.12438135216036,140.19216264823228,140.42990112304688,21865100,-0.015261168318405793,0.018502028912202203,-0.028813782360343994
GOOG,2024-02-20,139.61761127606567,141.98418849929058,139.47892545213892,140.86578369140625,18625600,0.003099108452483856,0.018475384882607162,-0.028813782360343994
GOOG,2024-02-21,141.30163410988504,142.62905750483318,140.57848780004295,142.49037170410156,16440800,0.01146688210622132,0.018138455637169686,-0.028813782360343994
GOOG,2024-02-22,144.74899419404954,144.82824539146137,142.65879109862598,143.95651245117188,23024700,0.010236826661709336,0.018047841629540734,-0.028813782360343994
GOOG,2024-02-23,143.60979863776186,144.5855573334889,143.43147965439172,143.92678833007812,14519400,-0.00020650118376935468,0.017984443841768276,-0.028813782360343994
GOOG,2024-02-26,142.1040489304408,142.49038907354614,137.43824990337026,137.44815063476562,33513000,-0.04605799621603441,0.019881855024675803,-0.028813782360343994
GOOG,2024-02-27,138.10193320991004,139.17180148923663,137.20046802330836,138.78546142578125,22364000,0.009682538116460946,0.01995998631166902,-0.028813782360343994
GOOG,2024-02-28,137.79484681434053,137.9731506396367,135.35792205930264,136.1405029296875,30628700,-0.01924183559303198,0.020236945753621855,-0.028813782360343994
GOOG,2024-02-29,137.05189995694508,138.63687845719483,136.27921972600421,138.46847534179688,35485000,0.016955222635999787,0.02047157272041313,-0.028813782360343994
GOOG,2024-03-01,138.30005149635434,138.68639155391557,136.68039800804328,136.78440856933594,28551500,-0.01223665861180435,0.020364784013981327,-0.028813782360343994
GOOG,2024-03-04,135.25888258202704,135.3480496289362,131.61341809021965,132.9408416748047,43571500,-0.02850179641514112,0.020499705529082604,-0.028813782360343994
GOOG,2024-03-05,131.49454493939496,132.76253386542592,130.315707942002,132.5247802734375,28447600,-0.0031345809599349467,0.020497779363599814,-0.028813782360343994
GOOG,2024-03-06,132.98048347361757,133.4757921671217,130.71196119262038,131.3162384033203,23175200,-0.00916120115567188,0.02043808933059981,-0.028813782360343994
GOOG,2024-03-07,132.63374523838772,134.54564442330667,131.4152902326785,133.97108459472656,24107300,0.02001554234313914,0.0207237042268144,-0.028813782360343994
GOOG,2024-03-08,133.7680008687615,137.68093589208488,133.53520521580378,135.01121520996094,26495200,0.007733860558067102,0.020292036218108222,-0.028813782360343994
GOOG,2024-03-11,135.78390326115144,138.66658774888842,135.78390326115144,137.6363525390625,22536400,0.019257229954156328,0.02071649956547775,-0.028813782360343994
GOOG,2024-03-12,136.95282632957588,138.963778013267,136.91320829290248,138.30996704101562,19019700,0.004882223767337922,0.020686852648765595,-0.028813782360343994
GOOG,2024-03-13,138.74584336573625,140.85586285017413,138.6963094823439,139.44918823242188,19637000,0.008202988509000997,0.02073328038079294,-0.028813782360343994
GOOG,2024-03-14,140.964819715736,143.37201207066147,140.15746434147835,142.9856719970703,36117900,0.025044136567611137,0.016067981822910575,-0.028813782360343994
GOOG,2024-03-15,142.06441507069204,142.98568180335442,139.8058090831637,140.83604431152344,41039500,-0.0151480219221597,0.01627965741218474,-0.028813782360343994
GOOG,2024-03-18,147.96847112254733,151.4950655736742,146.75001632412258,147.08682250976562,47676700,0.04342663425089514,0.018099676065072717,-0.028813782360343994
GOOG,2024-03-19,147.5821563779367,148.2161508249336,145.6306391504141,146.5321044921875,17748400,-0.003778494003901981,0.018047841367253847,-0.028813782360343994
GOOG,2024-03-20,147.39395537219235,148.35485545342524,146.27951080417066,148.27560424804688,17730000,0.011828185161305505,0.018157324522442328,-0.028813782360343994
GOOG,2024-03-21,148.90958310036496,149.8853265204992,146.62124469674146,147.3444061279297,19843900,-0.006299987601356781,0.018143558145926636,-0.028813782360343994
GOOG,2024-03-22,148.83034977025932,151.1285740643062,148.68174810471223,150.3459930419922,19252900,0.020166512911301473,0.01849068517564239,-0.028813782360343994
GOOG,2024-03-25,149.5336605925926,150.03490962168692,147.40383969764238,149.73178100585938,15114700,-0.004093691349480203,0.01815135950699636,-0.028813782360343994
GOOG,2024-03-26,149.82096635105927,151.76256780023996,149.61293006655112,150.27664184570312,19312700,0.003632307611391287,0.01805809524957665,-0.028813782360343994
GOOG,2024-03-27,150.7174673904427,151.25735198375324,148.7213742143747,150.51438903808594,16622000,0.0015808133719580528,0.01778215456081655,-0.028813782360343994
GOOG,2024-03-28,150.57382008197416,151.23753181714537,149.91010834680296,150.8313751220703,21105600,0.002103803926247992,0.017767015976095875,-0.028813782360343994
GOOG,2024-04-01,150.40542016892036,155.5269095813885,150.22710120227163,155.03160095214844,24469800,0.027466481478280153,0.017841240422615725,-0.028813782360343994
GOOG,2024-04-02,153.29802992061946,154.52640083624334,152.02014023160498,154.4075164794922,17598100,-0.004033654982019445,0.017565181112370286,-0.028813782360343994
GOOG,2024-04-03,153.46642476243457,155.08113574014675,152.68582392076033,154.90281677246094,17266200,0.0032026134472018094,0.01756517831640573,-0.028813782360343994
GOOG,2024-04-04,153.6249266326549,154.71459655026172,150.45495442093173,150.51438903808594,24184800,-0.028739243869710274,0.0184229172732134,-0.028813782360343994
GOOG,2024-04-05,150.25681608551326,153.387170199533,149.6634373246609,152.49562072753906,16297300,0.01307719124917128,0.018474857206920832,-0.028813782360343994
GOOG,2024-04-08,152.56992598725023,155.18515510831804,152.5451666004901,154.67498779296875,16641500,0.014190183402119359,0.018604220006874967,-0.028813782360343994
GOOG,2024-04-09,155.87362328240752,158.3897843327099,155.17027841585247,156.6562042236328,21521500,0.012727559758197013,0.016274158980857347,-0.028813782360343994
GOOG,2024-04-10,156.39866211004795,156.67603374116098,154.73441720774957,156.18072509765625,16339200,-0.0030397913260441145,0.016296432156726586,-0.028813782360343994
GOOG,2024-04-11,156.8543172782929,159.60823177018526,156.44816061548406,159.2813262939453,17841700,0.019658155600382907,0.015932139906170983,-0.028813782360343994
GOOG,2024-04-12,157.9093291619803,160.1827937588333,157.1118895936709,157.69635009765625,16989800,-0.010000637421089281,0.016008168313741543,-0.028813782360343994
GOOG,2024-04-15,158.77614028392918,159.32098282428095,154.684885981203,154.8632049560547,21140900,-0.018129170534711952,0.01625278272983631,-0.028813782360343994
GOOG,2024-04-16,154.17966259868803,155.7547403413665,153.59520207011462,154.53628540039062,15413200,-0.0021132528495865716,0.015098472436456319,-0.028813782360343994
GOOG,2024-04-17,155.71515477781486,157.19216269172412,154.67004553885624,155.40806579589844,16237800,0.005625414311441033,0.01501988064568913,-0.028813782360343994
GOOG,2024-04-18,155.45263631003655,156.99799701358637,154.74434850684653,155.9826202392578,14016100,0.0036902522852985185,0.01477418920234993,-0.028813782360343994
GOOG,2024-04-19,156.26986283356064,156.5076164024738,152.46589642466338,154.2589111328125,21479900,-0.011112160488430311,0.014829836220390295,-0.028813782360343994
GOOG,2024-04-22,154.54617216160483,157.69138455521903,154.1994652373781,156.4679718017578,17243900,0.014218904180020794,0.014922555185783701,-0.028813782360343994
GOOG,2024-04-23,157.1019871223259,158.97425313298353,156.4828513368489,158.4195098876953,16115400,0.012395304266627135,0.014746715233942324,-0.028813782360343994
GOOG,2024-04-24,157.59727458988127,159.87569699763333,157.32981884971312,159.5884246826172,19485700,0.007351515055588192,0.014754727387268083,-0.028813782360343994
GOOG,2024-04-25,151.9210428277574,156.79487726673804,151.33460220608825,156.4679718017578,36197800,-0.01974681932221538,0.015398844905065953,-0.028813782360343994
GOOG,2024-04-26,174.3387098413964,174.76466794127194,169.79176583920835,172.06028747558594,56500800,0.09499358796665087,0.02241697346049915,-0.028813782360343994
GOOG,2024-04-29,169.16771253211903,169.77198966109145,165.49251587250913,166.3246307373047,35914600,-0.03390343848060577,0.023277040474597135,-0.028813782360343994
GOOG,2024-04-30,165.80952692011977,168.27615429945635,162.9565442864945,163.09523010253906,29420800,-0.01960722153148203,0.022573978689918155,-0.028813782360343994
GOOG,2024-05-01,164.62077203848227,167.2261003171895,163.35278313161504,164.01651000976562,25223200,0.005632829581916606,0.022535512611968435,-0.028813782360343994
GOOG,2024-05-02,165.10619622248257,166.9487451462268,164.13539542650338,166.87940979003906,17041100,0.017304360964972197,0.022625141107680168,-0.028813782360343994
GOOG,2024-05-03,167.9492310462724,168.25633507102046,163.43201909707656,167.40440368652344,22767100,0.00314100956701574,0.022543310084541683,-0.028813782360343994
GOOG,2024-05-06,167.63224937252102,168.30586183544366,166.3147266387959,168.2365264892578,15147900,0.004958420936174476,0.02234326455334342,-0.028813782360343994
GOOG,2024-05-07,168.5237982305848,171.842371995363,168.40492900005353,171.35696411132812,21102400,0.01837800508868935,0.022447753558158725,-0.028813782360343994
GOOG,2024-05-08,169.14788994380208,170.2960119133638,168.9220323621865,169.55404663085938,14569900,-0.010577154930508014,0.022615903306960065,-0.028813782360343994
GOOG,2024-05-09,169.54413475845544,170.8220394641493,168.33558051513202,169.97010803222656,11937700,0.0024508513100758547,0.022613221116882333,-0.028813782360343994
GOOG,2024-05-10,168.09783844452926,169.73235081093375,166.334541002554,168.69219970703125,18740500,-0.007546835660358826,0.02271032792802941,-0.028813782360343994
GOOG,2024-05-13,164.2908511611208,169.34596636626287,164.204661923015,169.2964324951172,19648600,0.0035754660022505134,0.0222637863283939,-0.028813782360343994
GOOG,2024-05-14,169.98001199669102,171.15884895445868,168.82099161649467,170.3168182373047,18729500,0.006009122497180603,0.022230884090779862,-0.028813782360343994
GOOG,2024-05-15,170.68335806112177,172.4129779852832,170.4158871667618,172.24853515625,20958200,0.011278066360913093,0.022278893420250162,-0.028813782360343994
GOOG,2024-05-16,172.9617519134225,174.685415995492,172.4169094846464,173.78395080566406,17247300,0.00887445999222094,0.02144248129876938,-0.028813782360343994
GOOG,2024-05-17,173.9028615351815,175.82960422935122,173.3382024462926,175.62652587890625,16546400,0.010546862651623032,0.02141372406562593,-0.028813782360343994
GOOG,2024-05-20,175.6463341238882,178.26156293932945,175.56214012624636,176.78555297851562,17495100,0.006577704613618583,0.021342465284412384,-0.028813782360343994
GOOG,2024-05-21,176.72610469700604,178.1327944407655,175.64633556292642,177.85540771484375,14706000,0.00603347103339508,0.021287902749331625,-0.028813782360343994
GOOG,2024-05-22,176.72609004914875,177.1738599963405,175.12129513460755,176.32984924316406,16189400,-0.008614519526147049,0.021377696740010686,-0.028813782360343994
GOOG,2024-05-23,177.1025316748099,178.22193388376758,172.90230954547957,173.4174346923828,14928400,-0.016654779065408607,0.021490903858107663,-0.028813782360343994
GOOG,2024-05-24,174.8637568006362,175.6403973191875,173.55613480805474,174.675537109375,11403600,0.0072285739565618595,0.02136593160505184,-0.028813782360343994
GOOG,2024-05-28,174.09104943951044,176.83504784199602,174.0315997181526,176.3496551513672,15655300,0.009538521860895906,0.020998169141446164,-0.028813782360343994
GOOG,2024-05-29,175.15102835918483,176.55770299858983,174.60618586472043,175.73548889160156,15023800,-0.0034887406815699963,0.02101422069948801,-0.028813782360343994
GOOG,2024-05-30,175.0321396890499,175.0321396890499,171.6045978355289,171.93150329589844,18826300,-0.021883799675657158,0.02154715175338985,-0.028813782360343994
GOOG,2024-05-31,171.7730157210335,172.7834494932143,169.36582319051846,172.32777404785156,28085200,0.002302165565611655,0.02154792638288836,-0.028813782360343994
GOOG,2024-06-03,172.2485206376133,174.2099384278144,170.8319302056324,172.783447265625,20742800,0.0026407340847472783,0.02137586534074109,-0.028813782360343994
GOOG,2024-06-04,172.81318876729384,173.5462510270595,171.59473369383664,173.48681640625,14066600,0.00406254987391304,0.021285073425086034,-0.028813782360343994
GOOG,2024-06-05,174.87863122136383,176.3001646489961,173.6453023863419,175.4086151123047,15233900,0.011016585309052127,0.021266555092699382,-0.028813782360343994
GOOG,2024-06-06,175.7651936275025,177.03319748557178,175.54727176092263,176.67657470703125,14255800,0.007202603875048196,0.021265617312310785,-0.028813782360343994
GOOG,2024-06-07,176.78556176424084,177.73654586314296,174.1406003948462,174.29910278320312,14716300,-0.013547994583369576,0.02106219112717548,-0.028813782360343994
GOOG,2024-06-10,174.99330735134745,176.99663540244106,172.94040418339307,175.1718292236328,17099800,0.004994568501874297,0.01209666890482835,-0.028813782360343994
GOOG,2024-06-11,176.25284247435036,176.91730950630006,173.99166611305787,176.71896362304688,14402400,0.008793321109141923,0.010271570133788113,-0.028813782360343994
GOOG,2024-06-12,178.26607059153048,180.57683704990706,176.3123327518906,178.07763671875,18600400,0.007658921962223965,0.009466627099466636,-0.028813782360343994
GOOG,2024-06-13,176.37185479688546,177.0363218582932,175.2016034408358,175.28094482421875,15956900,-0.015829530899043088,0.010048388366072098,-0.028813782360343994
GOOG,2024-06-14,174.40027314562312,177.25450485101587,174.40027314562312,176.89747619628906,12361600,0.009180248581953373,0.009732179753065688,-0.028813782360343994
GOOG,2024-06-17,175.51893405561157,178.43466525175728,175.0329889448005,177.3040771484375,15272900,0.00229587435125386,0.009729816146101723,-0.028813782360343994
GOOG,2024-06-18,177.31401064482665,177.43303028732612,174.17018207399104,174.9933319091797,15640300,-0.013118338755386682,0.010087994593330022,-0.028813782360343994
GOOG,2024-06-20,175.25116025925584,177.26440018840543,175.0032241582983,176.24290466308594,16753200,0.007115313829869882,0.009630189265548931,-0.028813782360343994
GOOG,2024-06-21,177.0165040084904,181.0052889150597,176.59004594960223,178.77188110351562,58903200,0.014247402199011537,0.009673136987352485,-0.028813782360343994
GOOG,2024-06-24,179.78344561482618,180.57684425844877,178.74211084087284,179.2974853515625,18198300,0.002935769852386022,0.009674728238843432,-0.028813782360343994
GOOG,2024-06-25,179.6495587509355,184.21653786153806,179.6098804972053,184.04794311523438,18797000,0.026149928375186687,0.010477252393859923,-0.028813782360343994
GOOG,2024-06-26,182.67932147422675,184.39503510558444,182.47106361774135,183.83966064453125,13375700,-0.0011323159075132079,0.010502075471735399,-0.028813782360343994
GOOG,2024-06-27,184.11240168520064,185.95208339304645,183.9190042547186,185.31736755371094,13025700,0.008005887408354074,0.010529753038012478,-0.028813782360343994
GOOG,2024-06-28,184.18680783687682,185.03970879594036,181.81157528895085,181.90579223632812,23032400,-0.018580927591173135,0.011097931245357814,-0.028813782360343994
GOOG,2024-07-01,182.9570223328201,183.80992321377366,181.22146944634179,182.96694946289062,11815900,0.005816604515061549,0.011044805195976155,-0.028813782360343994
GOOG,2024-07-02,181.95535060549486,185.40661696237623,181.54873175994908,185.06942749023438,12555500,0.01142550590536557,0.011070164666681188,-0.028813782360343994
GOOG,2024-07-03,184.7620044399909,186.07109931845915,183.85454974288865,185.84300231933594,7409100,0.004171205322584911,0.011042628439311373,-0.028813782360343994
GOOG,2024-07-05,185.77358093386965,190.67278589222627,185.77358093386965,190.37527465820312,14303400,0.024095010205717495,0.011758166134164414,-0.028813782360343994
GOOG,2024-07-08,189.78520484906355,190.09660804327737,187.75708902188265,188.90750122070312,12097600,-0.007739770208239287,0.011731303801244243,-0.028813782360343994
GOOG,2024-07-09,190.16699590230527,191.26783283331068,188.65954012002334,188.86781311035156,10198500,-0.00021011489629940908,0.011186803182843551,-0.028813782360343994
GOOG,2024-07-10,189.17525300237617,191.71411636191715,189.04632138194316,191.06948852539062,12052900,0.011589807319567819,0.011273734430714069,-0.028813782360343994
GOOG,2024-07-11,189.76039490846063,190.82156882026595,185.27772052447233,185.75375366210938,16452000,-0.02821528461707808,0.01255224687792495,-0.028813782360343994
GOOG,2024-07-12,185.3768960047456,187.1322881573144,184.60333643910266,185.23805236816406,14449100,-0.0027801240767116406,0.012542747407120714,-0.028813782360343994
GOOG,2024-07-15,184.95045082704345,188.33228831930626,184.95045082704345,186.63641357421875,12186000,0.0075206443306503135,0.011755997459084145,-0.028813782360343994
GOOG,2024-07-16,187.4000243602805,188.7686213118594,183.59171444710816,183.9685821533203,12760100,-0.014397417925237788,0.012165461897831001,-0.028813782360343994
GOOG,2024-07-17,183.1553568583224,183.70081932969427,180.12062127755078,181.11236572265625,17376600,-0.01564735011934467,0.012592236883438471,-0.028813782360343994
GOOG,2024-07-18,182.02479193525036,182.53059135155584,176.73880668776354,177.74046325683594,17877200,-0.018793229063115875,0.013116679608142558,-0.028813782360343994
GOOG,2024-07-19,178.88097839970752,180.46777589923855,177.38344941998167,177.90907287597656,14485900,0.000948178555812585,0.01297449093323594,-0.028813782360343994
GOOG,2024-07-22,180.84460504534024,182.77850368060703,180.39830794020088,181.8363494873047,16303900,0.021834510695697588,0.01350058735726456,-0.028813782360343994
GOOG,2024-07-23,182.32229853701548,183.69091073914063,181.81651430844818,182.08428955078125,23772600,0.0013626053333733522,0.013219620791983955,-0.028813782360343994
GOOG,2024-07-24,173.94207991667653,176.48094360031305,172.13711266429982,172.9304962158203,31250700,-0.051579951471065595,0.01635980995433855,-0.028813782360343994
GOOG,2024-07-25,172.81147992480655,173.753634177603,167.65441152750262,167.7635040283203,28967900,-0.0303344842685593,0.01714028542504949,-0.028813782360343994
GOOG,2024-07-26,167.37672883593643,168.4378876156856,164.4957121822535,167.28746032714844,25150100,-0.002841621556994512,0.017048841417764637,-0.028813782360343994
GOOG,2024-07-29,169.09246591404363,170.7387656949962,168.31890628353776,169.71726989746094,13768900,0.014420282314832625,0.017102277042118027,-0.028813782360343994
GOOG,2024-07-30,170.41147201792796,171.5222210986413,168.7155821374334,170.44122314453125,13681400,0.004256570716011215,0.017023912125466206,-0.028813782360343994
GOOG,2024-07-31,173.4759270878841,174.4577594829591,170.3023480626971,171.7205352783203,15650200,0.007477855509605155,0.017087190674184155,-0.028813782360343994
GOOG,2024-08-01,170.56021554246618,174.2296671803092,169.10234991111668,171.02633666992188,17177800,-0.0040508002521508135,0.016946274889276667,-0.028813782360343994
GOOG,2024-08-02,166.80152299678684,168.80485128155743,165.01637972980424,167.00978088378906,18907800,-0.0237651813889425,0.017383378354835454,-0.028813782360343994
GOOG,2024-08-05,156.0708338808162,164.57009187761233,155.3072014783792,159.3138427734375,34907800,-0.047176268216882464,0.01897345926912553,-0.028813782360343994
GOOG,2024-08-06,159.61633110252856,161.00973096055046,156.82456782131794,159.21466064453125,36146500,-0.000622752005220084,0.018940725952601375,-0.028813782360343994
GOOG,2024-08-07,161.8923771012282,163.42956896497205,158.91714361090573,159.4229278564453,19334200,0.0013072358634913265,0.018103493180454153,-0.028813782360343994
GOOG,2024-08-08,161.0037595821299,164.13371096291493,160.69235641669226,162.48741149902344,15733600,0.01903993656120028,0.018611448312359512,-0.028813782360343994
GOOG,2024-08-09,160.31053433918498,164.15354404653894,159.601425563208,164.0246124267578,13549200,0.009415961266171847,0.018644866380132283,-0.028813782360343994
GOOG,2024-08-12,164.62462757842744,165.32380928446355,162.19982008396406,162.5965118408203,12435000,-0.008744747846744406,0.018466494243112648,-0.028813782360343994
GOOG,2024-08-13,163.82132056032702,165.1651301842023,163.40975323179993,164.56016540527344,12717600,0.012004505990638141,0.018610918569014315,-0.028813782360343994
GOOG,2024-08-14,162.85436306864815,163.59817140740742,158.2129911657244,160.69235229492188,22515900,-0.023784568820438057,0.01874472280984994,-0.028813782360343994
GOOG,2024-08-15,160.87088600122738,162.17006890726202,160.1568287328568,161.8229522705078,18392500,0.007011168716261556,0.01879820609872546,-0.028813782360343994
GOOG,2024-08-16,162.060967661464,165.57173643087194,161.73369017004822,163.37998962402344,16853100,0.00957586202889224,0.018211347382773406,-0.028813782360343994
GOOG,2024-08-19,165.62134452770331,167.079210268004,164.71885332983692,167.00978088378906,13100800,0.021973666462629184,0.018859156825594466,-0.028813782360343994
GOOG,2024-08-20,167.3469852706508,169.00319689731114,167.26764388859974,167.56517028808594,12622500,0.003319973073219463,0.01889528655736519,-0.028813782360343994
GOOG,2024-08-21,165.61140843530782,167.24778069782403,165.19487758908224,166.24612426757812,15269600,-0.007902985353331043,0.018674961718610997,-0.028813782360343994
GOOG,2024-08-22,167.64449083467883,168.0213586033965,163.6676006663833,164.12380981445312,19123800,-0.012848285693063203,0.018210975378866377,-0.028813782360343994
GOOG,2024-08-23,165.17508075133807,166.56351726089085,164.2924285846603,166.0478057861328,14281600,0.011654652664860746,0.018437070341219244,-0.028813782360343994
GOOG,2024-08-26,166.7667886936583,167.98168171198338,164.9469460813948,166.54364013671875,11990300,0.0029816444409693495,0.018360743844286292,-0.028813782360343994
GOOG,2024-08-27,166.226326706664,166.85607913173337,164.7882999447496,165.00648498535156,13718200,-0.009272601930998986,0.018282389041211655,-0.028813782360343994
GOOG,2024-08-28,165.40315945876486,166.00812425647686,161.9320534368026,163.14198303222656,15208700,-0.011363892869548397,0.01820181623367948,-0.028813782360343994
GOOG,2024-08-29,164.68908457644847,166.24613066102805,160.64474771468656,162.05104064941406,17133800,-0.006709531853495218,0.017983731115931153,-0.028813782360343994
GOOG,2024-08-30,162.8642809945831,163.91552773038342,162.06097038072892,163.74693298339844,18498800,0.010410793120857856,0.01813913826757073,-0.028813782360343994
GOOG,2024-09-03,161.96677361541697,162.03123943640284,156.55184137928717,157.3006134033203,26533100,-0.04016343483485162,0.018760929762200226,-0.028813782360343994
GOOG,2024-09-04,156.76999855965022,159.07580134480835,156.14024629114536,156.50718688964844,17410700,-0.005056778089368751,0.018724417786006475,-0.028813782360343994
GOOG,2024-09-05,156.47745737754192,159.68575167364398,156.21960923660788,157.2906951904297,14139500,0.004993723499982615,0.016605115652510292,-0.028813782360343994
GOOG,2024-09-06,157.3799414071602,157.90556479583213,150.68070228493102,150.8740997314453,24999100,-0.04164994262641218,0.01735523935534994,-0.028813782360343994
GOOG,2024-09-09,152.56225688461458,153.56523180166604,147.16998819314824,148.50067138671875,28057700,-0.015856233061709902,0.017499320172468955,-0.028813782360343994
GOOG,2024-09-10,150.3974168852189,151.2415154318112,148.50367287097507,148.96742248535156,20401800,0.003138161646894569,0.01720928218936521,-0.028813782360343994
GOOG,2024-09-11,150.0399291805409,151.42026815094792,147.66654015508587,151.09255981445312,18991500,0.014164986921644165,0.017473151459501596,-0.028813782360343994
GOOG,2024-09-12,153.73406214572904,154.52850514563386,152.43316912034558,154.458984375,20980800,0.022035959868796563,0.01799767060732958,-0.028813782360343994
GOOG,2024-09-13,155.27527766732368,158.16802663030901,155.0250301679067,157.26931762695312,16733900,0.018031146837266605,0.018422236278759926,-0.028813782360343994
GOOG,2024-09-16,157.2296235829145,158.13330280730563,156.51462630128,157.88504028320312,14157600,0.003907440428505568,0.018024550052364512,-0.028813782360343994
GOOG,2024-09-17,158.97736422601716,160.46693916382722,158.30209752752506,159.16604614257812,12064800,0.00808079760608788,0.015937965873934597,-0.028813782360343994
GOOG,2024-09-18,159.73211330170113,160.50669116096248,158.55038126820853,159.6923828125,16756500,0.0033013845655457076,0.015949040360464753,-0.028813782360343994
GOOG,2024-09-19,163.67453560672024,163.84335231658352,161.39250220407865,162.1055145263672,17548200,0.014998090219684856,0.016178994584318613,-0.028813782360343994
GOOG,2024-09-20,163.37659690066155,163.60499416720182,162.04589833035038,163.49575805664062,46362700,0.008539597943393179,0.015876080025734998,-0.028813782360343994
GOOG,2024-09-23,164.1908732173316,165.45205088216574,161.8174844701024,161.93666076660156,15648400,-0.009581769536618316,0.01587494494131234,-0.028813782360343994
GOOG,2024-09-24,163.10846190958097,163.40637993905065,160.9038897053418,162.50270080566406,18774100,0.0034893461178038573,0.015810916305106025,-0.028813782360343994
GOOG,2024-09-25,161.83735826815212,163.0756856672283,161.64370624656462,161.8572235107422,13607900,-0.003980011700511743,0.015660369109062457,-0.028813782360343994
GOOG,2024-09-26,163.8830326463097,164.3497673367662,162.36366742937327,162.69137573242188,18234500,0.005140395370086048,0.015059575348302127,-0.028813782360343994
GOOG,2024-09-27,162.77082146125764,165.8095518935289,162.691375646675,164.14122009277344,13604300,0.008872149774770001,0.015091494216434556,-0.028813782360343994
GOOG,2024-09-30,163.63477628088927,166.19684707562433,163.49574988827916,166.0280303955078,14070100,0.011429476487364471,0.01513377843740708,-0.028813782360343994
GOOG,2024-10-01,167.68642563088636,169.25544646816078,164.7469909281875,167.24948120117188,18629500,0.007329965161401909,0.014646808172039446,-0.028813782360343994
GOOG,2024-10-02,166.59407103029866,167.7062973908122,165.09457090890984,166.14720153808594,12745000,-0.006612445393313228,0.014682506791238798,-0.028813782360343994
GOOG,2024-10-03,164.66758870743848,166.74305995437263,164.22070400265216,166.0479278564453,11004300,-0.00059768296288276,0.014612186803320491,-0.028813782360343994
GOOG,2024-10-04,168.16308180894134,168.37162897421945,165.7996331346512,167.3885040283203,11422100,0.008041013320144057,0.014477877735855528,-0.028813782360343994
GOOG,2024-10-07,167.964501008645,168.71921366425957,162.98932523453269,163.2475128173828,14034700,-0.025049949412653722,0.015055778341310225,-0.028813782360343994
GOOG,2024-10-08,164.28025787140118,164.94561472057438,163.16804669560264,164.5483856201172,11723900,0.007937131845152396,0.015123087633213695,-0.028813782360343994
GOOG,2024-10-09,163.70926561724002,165.10449975822993,160.0002229867627,161.92674255371094,19666400,-0.016060637966147,0.015310012899581275,-0.028813782360343994
GOOG,2024-10-10,160.98332761418612,163.16903454921285,160.5165929265873,162.04588317871094,12900500,0.0007354981310627619,0.015176227835982927,-0.028813782360343994
GOOG,2024-10-11,162.19485501370113,164.12137439888787,161.37062171216556,163.3765869140625,10946000,0.008178360591008944,0.015200260066058532,-0.028813782360343994
GOOG,2024-10-14,163.76389883616164,166.45505617435197,163.6347974717548,165.1938934326172,9981800,0.011062010490359655,0.015215696211844189,-0.028813782360343994
GOOG,2024-10-15,165.9783887422495,167.91483335576783,164.8959677983779,165.74005126953125,14829300,0.0033007090478843716,0.01316124745044434,-0.028813782360343994
GOOG,2024-10-16,164.87608933588828,166.1174018287217,164.06775124698822,165.58116149902344,9968500,-0.000959128341712301,0.01310941633290521,-0.028813782360343994
GOOG,2024-10-17,166.21671730551623,166.76288269468188,163.22762704560125,163.3666534423828,15113400,-0.013464394117332312,0.013388357962877262,-0.028813782360343994
GOOG,2024-10-18,163.72413620057492,165.2137110872989,163.6049750585136,163.90289306640625,13091300,0.003277054706968552,0.010656738381513197,-0.028813782360343994
GOOG,2024-10-21,163.43616763074567,165.06476899287256,163.16306979442774,164.64768981933594,11384000,0.004533840860707177,0.010062051190367408,-0.028813782360343994
GOOG,2024-10-22,163.55532257198306,166.30607515669922,163.52553228591398,165.6605987548828,11958600,0.00613313165703623,0.010073797547745391,-0.028813782360343994
GOOG,2024-10-23,165.27328197731924,166.43516365531642,162.49572441056486,163.3368377685547,12754300,-0.014126551591380912,0.010364931330843952,-0.028813782360343994
GOOG,2024-10-24,163.44610096316273,163.90291064462184,161.63875778619533,163.3865203857422,12764400,0.00030412651149948295,0.009697460058586549,-0.028813782360343994
GOOG,2024-10-25,164.2157006655502,166.23654567747343,164.08162923252434,165.82940673828125,14566400,0.01484090524636106,0.009530211198504508,-0.028813782360343994
GOOG,2024-10-28,169.40439112401398,169.42028634833125,164.63774822681947,167.17002868652344,20858300,0.008051840625333116,0.009592149885754117,-0.028813782360343994
GOOG,2024-10-29,168.20775407705392,170.6655586730954,167.48780198169308,169.9505615234375,28916100,0.016496149872059804,0.009897186364055066,-0.028813782360343994
GOOG,2024-10-30,181.14224467839952,182.51264330298125,174.52355828845648,174.9158172607422,49698300,0.02879723377280193,0.011026543268862925,-0.028813782360343994
GOOG,2024-10-31,173.50569741909058,177.17997939292334,171.3607057798754,171.48980712890625,32801900,-0.019780982771239537,0.011541681237152088,-0.028813782360343994
GOOG,2024-11-01,170.3477871566302,172.61195505493563,169.12633992217164,171.4500732421875,21752900,-0.00023172508752002878,0.011477976037438638,-0.028813782360343994
GOOG,2024-11-04,170.04992578529573,170.72519266418965,168.30711779357904,169.49380493164062,16194000,-0.011475729024828041,0.011546509758825946,-0.028813782360343994
GOOG,2024-11-05,169.64271819785193,170.90091073860066,169.18590857136215,170.21868896484375,12518300,0.004267638938241879,0.011551959333718423,-0.028813782360343994
GOOG,2024-11-06,174.13133696324593,177.3984650474971,173.82347871124938,177.0906219482422,27061500,0.03957757394568454,0.01341972248128624,-0.028813782360343994
GOOG,2024-11-07,177.8652013829116,181.31108639109715,177.64672915192784,181.01316833496094,16730400,0.02190819189063513,0.013854173183370481,-0.028813782360343994
GOOG,2024-11-08,180.73509644486165,181.08266999912092,178.3219922656439,178.60997009277344,15021500,-0.01336529137918872,0.01415169305421005,-0.028813782360343994
GOOG,2024-11-11,178.8185180961797,180.81951321011272,178.73907227904024,180.70530700683594,12503400,0.011663075852759022,0.014156659294711082,-0.028813782360343994
GOOG,2024-11-12,180.11942467364923,182.7460311715292,179.73213575648364,182.0459442138672,14065800,0.007391529629691927,0.014157339494069785,-0.028813782360343994
GOOG,2024-11-13,180.88404714793734,181.34582690306567,178.86815690797792,179.235595703125,13969700,-0.015557978403173925,0.014454079609435896,-0.028813782360343994
GOOG,2024-11-14,178.50074568886524,179.19092274384312,174.80659830717403,176.117431640625,17925800,-0.017550119778168612,0.014904823182201635,-0.028813782360343994
GOOG,2024-11-15,174.41929495538076,174.65763240156934,171.54441106873682,172.68145751953125,21708900,-0.019702386540506277,0.015368149374931197,-0.028813782360343994
GOOG,2024-11-18,173.73904972169086,175.68046412411874,173.20776438043342,175.57122802734375,18662800,0.016596207040942498,0.014800871782649628,-0.028813782360343994
GOOG,2024-11-19,174.0171059990693,178.91780500479192,173.89892978378998,178.3319091796875,15392900,0.015601654014092985,0.01496452917373903,-0.028813782360343994
GOOG,2024-11-20,177.58713975122382,177.8651925490767,174.11146462532136,176.09756469726562,15729800,-0.012608285971094216,0.01482808394557838,-0.028813782360343994
GOOG,2024-11-21,174.23558364168912,174.3597148874668,164.1610874916067,168.06378173828125,38839400,-0.046694625759349004,0.017366658556614678,-0.028813782360343994
GOOG,2024-11-22,165.9982340935546,167.0955500509243,164.5583146895339,165.41233825683594,24497000,-0.01590218427563972,0.017588816102621144,-0.028813782360343994
GOOG,2024-11-25,166.82247737261747,169.27531212038377,166.23656634804354,168.25245666503906,21395700,0.0170241934147,0.017746272161648993,-0.028813782360343994
GOOG,2024-11-26,168.3120374710781,170.30309226953563,168.25244174719637,169.43417358398438,14937500,0.006998925257611832,0.017778412316079205,-0.028813782360343994
GOOG,2024-11-27,169.4937709499047,169.95058062849267,168.49079587990047,169.6328125,12433400,0.001171679620210807,0.01777566772726755,-0.028813782360343994
GOOG,2024-11-29,168.87809532936274,169.68246347519678,167.5772021401505,169.30511474609375,9250700,-0.0019336747508705598,0.017580053705277626,-0.028813782360343994
GOOG,2024-12-02,169.1362697237875,172.39347225063338,169.08661419721733,171.77777099609375,16593400,0.01449911250846047,0.017744610805107877,-0.028813782360343994
GOOG,2024-12-03,171.91683132039572,173.10850358239503,171.31107014321825,171.81753540039062,15721500,0.0002314606965469783,0.017737167289924367,-0.028813782360343994
GOOG,2024-12-04,171.57917219275683,175.20379851346522,171.54938190594748,174.8661651611328,18239800,0.017587837801261403,0.017963947160074243,-0.028813782360343994
GOOG,2024-12-05,176.0876469484441,176.4749358724117,172.80063846487,173.0985565185547,16145500,-0.010159787685309394,0.017856935670515998,-0.028813782360343994
GOOG,2024-12-06,172.6715211180443,175.6099554026444,172.34381283336626,175.2633819580078,13319500,0.0124287591020719,0.01795568892557187,-0.028813782360343994
GOOG,2024-12-09,174.6917355263814,177.00319305958448,174.37856747396037,176.0686798095703,19887800,0.004584262864138284,0.017806463321685048,-0.028813782360343994
GOOG,2024-12-10,183.46037868240086,186.93502097230706,181.60623390102847,185.44375610351562,34317400,0.05187748936383942,0.01998482169140904,-0.028813782360343994
GOOG,2024-12-11,185.61276627052226,195.74342814716454,185.1753261438476,195.56448364257812,41664500,0.05313853016998363,0.021842544378162784,-0.028813782360343994
GOOG,2024-12-12,195.15686046585068,195.5595007563821,192.15444302701073,192.50241088867188,25197800,-0.015781486897867254,0.021660820540600614,-0.028813782360343994
GOOG,2024-12-13,191.58779022130224,193.20828785645608,190.14622193288685,190.26553344726562,18883200,-0.011688036782979139,0.021413815993915696,-0.028813782360343994
GOOG,2024-12-16,193.23314403139844,199.47159624824133,192.9796241391514,197.00604248046875,32248600,0.034813759793855786,0.022148602859017694,-0.028813782360343994
GOOG,2024-12-17,197.373868990399,201.69854304500976,195.54458778166153,195.97207641601562,24129500,-0.0052622189414203895,0.022021474389458746,-0.028813782360343994
GOOG,2024-12-18,195.68378656433057,197.53295569027495,188.17775002520415,189.0426788330078,27638400,-0.03599937831709359,0.02325034335802348,-0.028813782360343994
GOOG,2024-12-19,192.15447615034938,193.4667967086163,188.4163771263823,188.59532165527344,26981200,-0.0023692392525022686,0.022245239690194176,-0.028813782360343994
GOOG,2024-12-20,185.92097098900052,193.0044796634431,185.28469853591804,191.83633422851562,45319700,0.017039018366813825,0.0221130875979271,-0.028813782360343994
GOOG,2024-12-23,192.90008576515993,195.3457668921676,190.51406797729044,194.8486785888672,15235900,0.015580667464610756,0.02205385494812918,-0.028813782360343994
GOOG,2024-12-24,195.02763817013016,196.5189031952909,194.06129831246653,196.41949462890625,6809800,0.008029400738055543,0.022014013328695667,-0.028813782360343994
GOOG,2024-12-26,195.59430529799658,197.00603421750674,194.7293613601095,195.95220947265625,7907900,-0.002381850537552241,0.02201572440719326,-0.028813782360343994
GOOG,2024-12-27,195.3258604739866,195.6539405432504,190.85405343197183,192.91000366210938,14693000,-0.01564702239488792,0.022018242316265015,-0.028813782360343994
GOOG,2024-12-30,189.75351714009952,192.6515351767442,189.25145311616282,191.56788635253906,12209500,-0.0069815341576669005,0.021770350573803953,-0.028813782360343994
GOOG,2024-12-31,191.32432258468026,192.1246274640893,188.4760011717089,189.33099365234375,14355200,-0.011745471218971118,0.02153389571311127,-0.028813782360343994
MSFT,2023-01-03,235.90729779007853,238.49851075863083,230.39489317769917,232.5105743408203,25740000,,,-0.02239448216859613
MSFT,2023-01-04,225.42597193507248,225.99855889308043,219.29246770974694,222.33981323242188,50623400,-0.04472880323274711,,-0.02239448216859613
MSFT,2023-01-05,220.49582841202724,220.83550661088532,215.21634839005094,215.7501220703125,39585600,-0.030086006037650846,,-0.02239448216859613
MSFT,2023-01-06,216.4197883428899,219.09834182718123,212.8774972822173,218.29283142089844,43613600,0.011716529057953916,,-0.02239448216859613
MSFT,2023-01-09,219.76798480761224,224.41665135349578,219.7291716302323,220.418212890625,27369800,0.009689284667997983,,-0.02239448216859613
MSFT,2023-01-10,221.0393352972296,224.48458614807703,220.62203068917864,222.09718322753906,27033900,0.007588338884015948,,-0.02239448216859613
MSFT,2023-01-11,224.4651868072137,228.98768506870852,224.29050527854426,228.81300354003906,28669300,0.029790043176152393,,-0.02239448216859613
MSFT,2023-01-12,228.31800704319014,232.82109060207105,226.6681731391479,231.47210693359375,27269500,0.011554286314486257,,-0.02239448216859613
MSFT,2023-01-13,230.00670447846073,232.3067667845128,227.98807845959973,232.1708984375,21333300,0.00301435382366066,,-0.02239448216859613
MSFT,2023-01-17,230.9480966935903,233.80134695469175,230.09405857229734,233.25787353515625,29831300,0.004670863252636984,,-0.02239448216859613
MSFT,2023-01-18,234.4418366169308,235.22793302598163,228.57035512507287,228.85179138183594,30028700,-0.01907000011100319,,-0.02239448216859613
MSFT,2023-01-19,226.88172064205048,228.57038281279662,223.87318816519613,225.0863037109375,28623000,-0.01659069411639073,,-0.02239448216859613
MSFT,2023-01-20,227.92985845985373,233.63635883113758,227.59018017735744,233.13169860839844,35389800,0.03511962325423239,,-0.02239448216859613
MSFT,2023-01-23,233.98571827354252,237.93561455180438,232.57849247852556,235.4220428466797,31934000,0.009776306440324076,,-0.02239448216859613
MSFT,2023-01-24,235.34439747923588,236.75160844059997,233.3451855854794,234.89796447753906,40234400,-0.0022286042604604105,,-0.02239448216859613
MSFT,2023-01-25,227.5610395748184,236.1207891156233,224.08667522306712,233.51016235351562,66526600,-0.005925628123673576,,-0.02239448216859613
MSFT,2023-01-26,236.46045082013288,240.9829486422917,234.85914439539755,240.68209838867188,33454500,0.030251370879122524,,-0.02239448216859613
MSFT,2023-01-27,241.6429128288479,242.45812290706542,239.54664564896942,240.83740234375,26498900,0.000645057823108178,,-0.02239448216859613
MSFT,2023-01-30,237.2950922529375,238.3529402272609,235.0532571701788,235.5482177734375,25867400,-0.022206387837916574,,-0.02239448216859613
MSFT,2023-01-31,236.26634887736424,240.6335642533175,235.78110272448055,240.49769592285156,26541100,0.020794870254744843,,-0.02239448216859613
MSFT,2023-02-01,240.68209268360533,247.65022035562143,238.22674832599188,245.29193115234375,31259900,0.01973854779191933,,-0.02239448216859613
MSFT,2023-02-02,251.1827927216543,256.87957707013254,249.65911289346886,256.792236328125,39940400,0.045818282062204854,,-0.02239448216859613
MSFT,2023-02-03,251.8815727441677,256.4040702889057,249.5135692294624,250.7266845703125,29077300,-0.023903899243243983,,-0.02239448216859613
MSFT,2023-02-06,249.84352591670253,250.6781350311893,247.26201299101024,249.1932830810547,22518000,-0.006134607126758035,,-0.02239448216859613
MSFT,2023-02-07,252.84241675056464,260.83926569165476,252.40568326679633,259.66497802734375,50841400,0.041163421455871596,,-0.02239448216859613
MSFT,2023-02-08,265.13852274513965,268.59347315321855,258.35476105655573,258.85943603515625,54686000,-0.003107057713721917,,-0.02239448216859613
MSFT,2023-02-09,265.72082315542565,265.8955343068472,255.045406117351,255.84121704101562,42375100,-0.011728190249885617,,-0.02239448216859613
MSFT,2023-02-10,253.81282222305296,256.2972798694553,252.96849875330074,255.3365020751953,25818500,-0.0019747149023013172,,-0.02239448216859613
MSFT,2023-02-13,259.74253036187247,266.49714735819,259.26696907403846,263.3139343261719,44630900,0.030764695751954063,,-0.02239448216859613
MSFT,2023-02-14,264.62413161713886,266.85625191813295,261.33414871350027,264.1388854980469,37047900,0.0031280592823900964,,-0.02239448216859613
MSFT,2023-02-15,261.0547562578646,263.39950469785816,258.9726863891012,262.0276794433594,28922400,-0.008024901334735879,0.02164248055613893,-0.02239448216859613
MSFT,2023-02-16,256.8711651698153,259.5175173851741,254.8085727958793,255.0518035888672,29603600,-0.026983469056373152,0.020476284793959302,-0.02239448216859613
MSFT,2023-02-17,252.36657534668234,253.04760380497552,249.068351286821,251.07257080078125,30000100,-0.01572465181582521,0.019794526539257288,-0.02239448216859613
MSFT,2023-02-21,247.58949511011687,248.57215705654002,244.7777476181148,245.82850646972656,28397400,-0.021107859385370374,0.020313929759540782,-0.02239448216859613
MSFT,2023-02-22,247.21004899921323,247.45327979594094,243.56158704829775,244.6999053955078,22491100,-0.004601580819322966,0.020342482942231316,-0.02239448216859613
MSFT,2023-02-23,248.64023054148305,249.88557094928385,243.69777930306105,247.8716278076172,29219100,0.01287839850606703,0.020402132273918957,-0.02239448216859613
MSFT,2023-02-24,243.19187704458037,244.2037105882477,241.38223939221282,242.47190856933594,24990900,-0.022025119624163914,0.0203067862815151,-0.02239448216859613
MSFT,2023-02-27,245.6242009691581,245.97445391978178,242.6373195783351,243.386474609375,21190000,0.003764747720349226,0.02022917004153018,-0.02239448216859613
MSFT,2023-02-28,242.32600492940065,244.68047745107052,241.99519973636188,242.66651916503906,22491000,-0.002962458744599898,0.020244929797251985,-0.02239448216859613
MSFT,2023-03-01,243.97016026922756,244.13555539377535,239.13473188784695,239.60174560546875,27565300,-0.012709999978641374,0.02039840082802829,-0.02239448216859613
MSFT,2023-03-02,239.8742178244938,244.5928864350576,238.95966764159195,244.3107452392578,24808200,0.019462809370447257,0.020310910868799884,-0.02239448216859613
MSFT,2023-03-03,245.3614953141732,248.69861464364337,244.58315381318207,248.37754821777344,30760100,0.016508999293754174,0.02015457142754384,-0.02239448216859613
MSFT,2023-03-06,249.48664537835333,253.076733733222,249.0488329841168,249.91473388671875,24109800,0.006169834855838577,0.01925041551056571,-0.02239448216859613
MSFT,2023-03-07,249.3602116204825,250.7125891600785,246.52901630785823,247.2684326171875,21473200,-0.01064527698482377,0.019338422504202323,-0.02239448216859613
MSFT,2023-03-08,247.16137194826737,247.6478334867659,244.01883456634258,246.83058166503906,17340200,-0.001772321150635951,0.019335457035126163,-0.02239448216859613
MSFT,2023-03-09,248.8932225660645,252.53194586818475,244.76802281359187,245.4879913330078,26653400,-0.0054541662002599986,0.019329276605461364,-0.02239448216859613
MSFT,2023-03-10,244.2815470078051,245.9452372856859,240.89577859254197,241.8589630126953,28333900,-0.014893272101664069,0.018776623612561234,-0.02239448216859613
MSFT,2023-03-13,240.7011840514009,250.92661597294014,239.0764041542882,247.04464721679688,33339700,0.02121431945993659,0.01916635476855954,-0.02239448216859613
MSFT,2023-03-14,249.79801983882402,254.00105499083594,248.93211882541823,253.7286376953125,33620300,0.026696262133742193,0.01921746218011067,-0.02239448216859613
MSFT,2023-03-15,252.94053423822598,259.2645337884642,252.19136451987217,258.252685546875,46028000,0.01767316657581607,0.019123083417661644,-0.02239448216859613
MSFT,2023-03-16,258.0289293565625,269.0716125790634,256.15119488258745,268.72137451171875,54768800,0.03973655335862165,0.020074146006738486,-0.02239448216859613
MSFT,2023-03-17,270.7256186044692,275.65831665347815,268.8381452248547,271.8639221191406,69527400,0.011626594460204892,0.018468059295966115,-0.02239448216859613
MSFT,2023-03-20,269.48030285180215,269.96676449553627,262.5433550615518,264.8589172363281,43466600,-0.026104358354266558,0.01857812368932099,-0.02239448216859613
MSFT,2023-03-21,267.4371343013886,267.5538803349331,262.2222505034053,266.3669128417969,34558700,0.005677433478256106,0.018528656992169407,-0.02239448216859613
MSFT,2023-03-22,265.99713606358097,273.4302818621783,264.8101688435891,264.9172058105469,34873300,-0.005457383642417094,0.01704564620510337,-0.02239448216859613
MSFT,2023-03-23,270.4142935461412,273.4498093699548,267.7484933121212,270.1418762207031,36610900,0.019529942206843735,0.01737073515742378,-0.02239448216859613
MSFT,2023-03-24,269.7331419789733,273.0313649435058,267.82622136126867,272.9729919433594,28172000,0.010425571207832728,0.017262980943048276,-0.02239448216859613
MSFT,2023-03-27,272.90492269572303,273.8389205347129,268.0597550905618,268.896484375,26840200,-0.015046370589424474,0.017533796283384466,-0.02239448216859613
MSFT,2023-03-28,268.32245293412296,268.66298193563654,264.68370058234905,267.7776184082031,21878600,-0.0041696350989582085,0.016677814483822252,-0.02239448216859613
MSFT,2023-03-29,271.4066242065595,273.527619165426,270.8715283691032,272.9146728515625,25087000,0.01900233868038875,0.01701059518706366,-0.02239448216859613
MSFT,2023-03-30,276.533882815841,276.7576360774144,273.8583448770266,276.3587341308594,25053400,0.012540590429680448,0.017044979500321016,-0.02239448216859613
MSFT,2023-03-31,276.0474774481902,281.43744995850153,275.33723290766795,280.49371337890625,32766000,0.014851529412895966,0.016306352309599755,-0.02239448216859613
MSFT,2023-04-03,278.7618705700124,280.46448571800556,276.2614811751681,279.4526672363281,24883300,-0.003718382252688157,0.01597051795270143,-0.02239448216859613
MSFT,2023-04-04,279.45268618193273,282.5854994542806,277.9349286652677,279.4040222167969,25824300,-0.00017408763488801495,0.015298289942188032,-0.02239448216859613
MSFT,2023-04-05,278.11008412867955,279.3748723279069,275.25942646851195,276.6409606933594,22064800,-0.009938347978298423,0.015435392176553528,-0.02239448216859613
MSFT,2023-04-06,275.5415669627722,284.17139086476425,274.39352473015583,283.70440673828125,29770300,0.02521238013714653,0.01583660823265454,-0.02239448216859613
MSFT,2023-04-10,281.3791115118309,281.75856581319096,277.00095709388467,281.55426025390625,23103000,-0.007607691771051556,0.015210263203669371,-0.02239448216859613
MSFT,2023-04-11,278.0128240085293,278.2366070491665,274.01412362630157,275.171875,27276600,-0.022929280579988484,0.0160419491058509,-0.02239448216859613
MSFT,2023-04-12,277.07878271017614,279.2386732168352,274.32539366289427,275.81396484375,27403400,0.0023306955931654996,0.01599071700682746,-0.02239448216859613
MSFT,2023-04-13,275.91126538247534,282.05040792429327,275.50265429718814,281.9920349121094,24222700,0.022152227518117365,0.015981101021694463,-0.02239448216859613
MSFT,2023-04-14,279.22891147364464,280.6688482565068,276.00853859815146,278.3922119140625,20987900,-0.012847871924338509,0.01609115743817174,-0.02239448216859613
MSFT,2023-04-17,282.07960200286976,283.7043967289592,278.4116924129814,280.9801940917969,23836200,0.009253229568212241,0.01595610804842716,-0.02239448216859613
MSFT,2023-04-18,283.67525611133146,283.86011391519935,279.23872820102855,280.5618896484375,20161800,-0.0014898421074573567,0.015983290020900806,-0.02239448216859613
MSFT,2023-04-19,278.24620624627164,281.2233478976413,276.83548587844945,280.6396179199219,17150300,0.0002770066399793577,0.01576448521087627,-0.02239448216859613
MSFT,2023-04-20,277.52633742538336,281.20398586251105,277.3609274204324,278.363037109375,23244400,-0.00814519708109355,0.015890450264980645,-0.02239448216859613
MSFT,2023-04-21,277.2928600656761,278.5187231488767,275.3956478853203,278.0225524902344,21676400,-0.001223916176149124,0.01582221731444803,-0.02239448216859613
MSFT,2023-04-24,274.4518454154845,277.2344206340081,271.17309965717897,274.1405029296875,26611000,-0.014061475091861389,0.015788390923873602,-0.02239448216859613
MSFT,2023-04-25,271.941745821894,273.9751515427264,267.91382992661585,267.9624938964844,45772200,-0.022793736804233307,0.016190086751882004,-0.02239448216859613
MSFT,2023-04-26,288.6662575975103,291.45854177585926,284.80375221197545,287.37225341796875,64599200,0.06993140298368576,0.019898517476533314,-0.02239448216859613
MSFT,2023-04-27,287.9560567732343,296.936147852177,287.2555509397699,296.5761413574219,46462600,0.031525560447661236,0.020378078005557736,-0.02239448216859613
MSFT,2023-04-28,295.77839869337646,300.56516432614853,295.0973405603856,298.9403991699219,36469600,0.007940233640086591,0.019285844495553962,-0.02239448216859613
MSFT,2023-05-01,298.6582327311371,300.24410228095644,296.8875053999733,297.2864074707031,21294100,-0.005548210592504362,0.019292809916219098,-0.02239448216859613
MSFT,2023-05-02,299.426786321991,300.80832032877777,295.6810269045357,297.1404113769531,26404400,-0.0004912163854540704,0.018512301812986073,-0.02239448216859613
MSFT,2023-05-03,298.31766627691815,300.25377368049993,295.85617210321027,296.15777587890625,22360800,-0.0033124537294699904,0.018554139196520974,-0.02239448216859613
MSFT,2023-05-04,297.9479243875394,299.426786321991,295.1848266827128,297.1404113769531,22519900,0.00331245372947008,0.018476516494135245,-0.02239448216859613
MSFT,2023-05-05,297.4420521379096,303.5228215296377,296.03130176252597,302.2385559082031,28197100,0.017011833114695642,0.0184083100356461,-0.02239448216859613
MSFT,2023-05-08,301.7326615616671,301.8007733081372,297.8020437181864,300.292724609375,21318600,-0.006458878157129504,0.01845498339680165,-0.02239448216859613
MSFT,2023-05-09,299.6603622188009,301.6451339704267,298.0161195443124,298.68743896484375,21340800,-0.0053600756269679495,0.018208202529796363,-0.02239448216859613
MSFT,2023-05-10,300.2635487654328,304.52495706862396,299.33928955394174,303.8536376953125,30078000,0.01714845852611588,0.01831414357318572,-0.02239448216859613
MSFT,2023-05-11,301.70342572575834,302.6957964886429,297.9674049998212,301.713134765625,31680200,-0.007069449453646683,0.01820641959675951,-0.02239448216859613
MSFT,2023-05-12,302.14127044452766,302.2385686971637,298.29824184109515,300.60406494140625,19774700,-0.0036826810796855933,0.018164724079090762,-0.02239448216859613
MSFT,2023-05-15,300.7305114762556,301.5088380158988,299.2613882145806,301.08074951171875,16336500,0.0015844995871391082,0.01802222105523314,-0.02239448216859613
MSFT,2023-05-16,301.4408157004491,305.21576288918396,301.4408157004491,303.2991027832031,26730300,0.00734095693376231,0.01800668390413378,-0.02239448216859613
MSFT,2023-05-17,304.49835287265563,306.58494426267947,302.9870076180216,306.1656799316406,24315000,0.009406936605471533,0.018038345924974643,-0.02239448216859613
MSFT,2023-05-18,306.68252689685806,311.0800126585323,305.8927386445008,310.5729675292969,27276000,0.014292480746705947,0.01797915775543445,-0.02239448216859613
MSFT,2023-05-19,308.83731401909836,310.7971739556616,308.47655029580653,310.39739990234375,27546700,-0.0005654621889845477,0.017533799212104607,-0.02239448216859613
MSFT,2023-05-22,310.65094892902596,314.5413890695808,310.0756729757329,313.16656494140625,24115700,0.00888179368678453,0.017448135576521084,-0.02239448216859613
MSFT,2023-05-23,312.04526511786804,314.66815212283035,307.3845270869392,307.394287109375,30797200,-0.018603958975543317,0.017238422949691017,-0.02239448216859613
MSFT,2023-05-24,306.8775496399996,308.6033777226254,304.8104182916671,306.0195007324219,23384900,-0.004482418576369922,0.01730172707567262,-0.02239448216859613
MSFT,2023-05-25,315.175173290878,318.7438600972789,312.0160206042334,317.788330078125,43301700,0.037736704660331,0.01809783116199642,-0.02239448216859613
MSFT,2023-05-26,315.935693050292,325.0816668912498,315.7992015223041,324.58441162109375,36630600,0.021160098112976772,0.018072267248335543,-0.02239448216859613
MSFT,2023-05-30,326.86597805939425,327.36323325803346,322.27347175530826,322.9462585449219,29503100,-0.005059703413148488,0.018148079743637052,-0.02239448216859613
MSFT,2023-05-31,323.99940574363865,327.5583326539221,319.16313582793106,320.19671630859375,45950600,-0.00855038178189681,0.01827564940484415,-0.02239448216859613
MSFT,2023-06-01,317.798117893789,325.2085056763002,316.6183154339586,324.2821960449219,26773900,0.012678566776761057,0.0183192697686329,-0.02239448216859613
MSFT,2023-06-02,325.9104976467162,329.07941048845686,324.2529005654924,327.03179931640625,25873800,0.008443299624525743,0.018164190192380518,-0.02239448216859613
MSFT,2023-06-05,326.8562818593042,330.11294548453895,326.31025620693947,327.5583190917969,21307100,0.0016087009997041192,0.01813606678446835,-0.02239448216859613
MSFT,2023-06-06,326.96356317095973,327.0025735098163,323.8824307932031,325.354736328125,20396200,-0.006750029309949222,0.017912359124507202,-0.02239448216859613
MSFT,2023-06-07,323.37539146712487,326.1445304522962,314.4536881273052,315.3117370605469,40717100,-0.03135429255946398,0.018442424471068346,-0.02239448216859613
MSFT,2023-06-08,315.85770223750364,318.4903491637824,315.28242630303987,317.144775390625,23277700,0.005796583406300326,0.013853133383015805,-0.02239448216859613
MSFT,2023-06-09,316.8814584828526,321.7567079982965,316.3159426317722,318.6365661621094,22529000,0.004692787949885183,0.012792611141956735,-0.02239448216859613
MSFT,2023-06-12,320.3819407440362,323.8141360540533,317.0472861489783,323.57037353515625,24260300,0.015365465987151876,0.012974208584827973,-0.02239448216859613
MSFT,2023-06-13,326.1249342097831,328.57231892797256,322.1467437962909,325.9494323730469,22951300,0.007325625656210795,0.012906801223986785,-0.02239448216859613
MSFT,2023-06-14,325.9982202996805,330.58096729872784,324.50639495848685,328.9233703613281,26003800,0.009082552886199339,0.012934087042824258,-0.02239448216859613
MSFT,2023-06-15,329.0598905688736,341.1114945004108,328.78687775426107,339.4149169921875,38899100,0.03139849610028225,0.013835242372322936,-0.02239448216859613
MSFT,2023-06-16,342.5545684921727,342.70082003895476,333.41835487715986,333.7888488769531,46552000,-0.016714698831625616,0.014369585529586209,-0.02239448216859613
MSFT,2023-06-20,330.84420359010136,333.54508130008793,327.48026928452794,329.6156311035156,26375400,-0.012581382694458949,0.014452317584913511,-0.02239448216859613
MSFT,2023-06-21,327.9775897528391,329.3036733312241,323.784886322757,325.2377014160156,25117800,-0.013370917407840811,0.014660106876663647,-0.02239448216859613
MSFT,2023-06-22,325.783726576518,331.6340270315193,325.0231887076145,331.2342529296875,23556800,0.018269533877456962,0.014847929771229847,-0.02239448216859613
MSFT,2023-06-23,326.01771828331994,329.5279043913859,325.13044892910204,326.6612548828125,23146900,-0.013902121670967217,0.014941877330067002,-0.02239448216859613
MSFT,2023-06-26,325.39367934124914,327.7240333118318,320.29415725203825,320.40142822265625,21520600,-0.01934904336597091,0.015372573524607308,-0.02239448216859613
MSFT,2023-06-27,323.5800965917035,327.7630696544983,321.08397083431,326.2225036621094,24354100,0.018005002314224364,0.015604167789682101,-0.02239448216859613
MSFT,2023-06-28,326.31026905867196,329.5474425224492,325.48147052492266,327.4705810546875,20259500,0.0038185470775415056,0.015603862193138167,-0.02239448216859613
MSFT,2023-06-29,326.35900777987905,327.7240719566855,324.3211566594738,326.6905212402344,16997000,-0.0023849176646362808,0.015607312307378553,-0.02239448216859613
MSFT,2023-06-30,329.32315064368396,334.17891054970244,328.78688502474677,332.0435485839844,26832800,0.01625282621291763,0.01576142416291704,-0.02239448216859613
MSFT,2023-07-03,330.7272007694062,332.3945278816647,328.17257461621756,329.55712890625,12508700,-0.0075164112386043695,0.015711395617900695,-0.02239448216859613
MSFT,2023-07-05,326.72948429799266,333.1258095919121,326.37848059881856,329.713134765625,18172400,0.00047326831159650684,0.015706741690805787,-0.02239448216859613
MSFT,2023-07-06,328.88436028376566,334.43239728548525,327.1292821478824,332.75531005859375,28161200,0.009184427429272855,0.015711402300863642,-0.02239448216859613
MSFT,2023-07-07,330.8539769415479,333.26235165945616,328.5918537740865,328.8063659667969,21214800,-0.011938391042867551,0.015454686401192255,-0.02239448216859613
MSFT,2023-07-10,326.25171917261997,326.86600540201454,319.4166095021663,323.5508117675781,32791400,-0.01611285376723009,0.015771872473054498,-0.02239448216859613
MSFT,2023-07-11,322.800041689948,324.55511973893175,318.84134117994995,324.17486572265625,26698200,0.0019269087820872,0.014243822010574739,-0.02239448216859613
MSFT,2023-07-12,328.20182929500714,333.1258197926784,327.29503995487715,328.786865234375,29995300,0.014126635577739348,0.0139496638232434,-0.02239448216859613
MSFT,2023-07-13,331.0879956045949,335.16369770913235,330.56146024108614,334.11065673828125,20567200,0.016062530906019758,0.014193999011609502,-0.02239448216859613
MSFT,2023-07-14,338.9176246633776,342.66181307865304,335.71946186556954,336.6262512207031,28352700,0.007501022375911409,0.014118730703357016,-0.02239448216859613
MSFT,2023-07-17,337.05523355881655,338.33254651423374,333.66207903866245,337.10400390625,20363900,0.00141823159043194,0.013964758269894142,-0.02239448216859613
MSFT,2023-07-18,337.20153461943244,357.62884439822335,333.63287773911316,350.5207214355469,64738600,0.039028324699629836,0.015533159121235476,-0.02239448216859613
MSFT,2023-07-19,352.72436118966306,353.4166384044317,343.6466474604791,346.22076416015625,39732900,-0.012343206073953153,0.0157621174975407,-0.02239448216859613
MSFT,2023-07-20,344.74842283159865,349.03863672095343,336.7530012262202,338.215576171875,33778400,-0.023393126797576245,0.016356806714607028,-0.02239448216859613
MSFT,2023-07-21,340.4386749626526,341.55997642385313,331.35120253084744,335.1929016113281,69405400,-0.008977299694027179,0.015292306725316,-0.02239448216859613
MSFT,2023-07-24,337.221130162938,338.26444105722106,333.7694439948374,336.49957275390625,26678100,0.0038906876011028883,0.015280108417719214,-0.02239448216859613
MSFT,2023-07-25,338.4496449197473,343.11041322520174,336.460564028573,342.2231140136719,41637700,0.01686602510449103,0.015514615667921351,-0.02239448216859613
MSFT,2023-07-26,332.92106736693563,336.07048951280683,324.7988843745913,329.3426208496094,58383700,-0.03836429486964067,0.016994607060440165,-0.02239448216859613
MSFT,2023-07-27,331.98500245672983,332.8137710712754,320.8401594248719,322.468505859375,39635300,-0.021093134425325757,0.017393536322850876,-0.02239448216859613
MSFT,2023-07-28,325.3449259664994,331.52673900384514,324.85740099740747,329.9276428222656,28484900,0.02286789102652442,0.017828201763121436,-0.02239448216859613
MSFT,2023-07-31,328.51386838696095,329.2744062182313,325.0426629130829,327.538818359375,25446000,-0.007266788850807402,0.016858911467864217,-0.02239448216859613
MSFT,2023-08-01,326.827001708787,330.0934250583603,325.37418677597503,327.94830322265625,18311900,0.001249406443137067,0.01660550564197742,-0.02239448216859613
MSFT,2023-08-02,325.3059805314277,325.3059805314277,318.2173470228,319.32891845703125,27761300,-0.02663431991995255,0.017144936525880474,-0.02239448216859613
MSFT,2023-08-03,317.86632056535905,321.6495195711113,317.81757996467144,318.5098571777344,18253700,-0.0025682406300332706,0.016990133815705136,-0.02239448216859613
MSFT,2023-08-04,323.5996710730836,326.7783443053676,319.0754237791291,319.6019592285156,23741500,0.003422920839242363,0.016631066437715933,-0.02239448216859613
MSFT,2023-08-07,320.17717126140934,322.8487988022052,319.3483727907042,321.8737487792969,17741500,0.007083039997567711,0.016518969155459844,-0.02239448216859613
MSFT,2023-08-08,318.802368731708,320.5477167225477,314.9411787114309,317.9150695800781,22327600,-0.012375113806212019,0.016291964436016566,-0.02239448216859613
MSFT,2023-08-09,318.324602002666,318.9486185830014,313.0398174565163,314.1903991699219,22373300,-0.011785101391222883,0.016046344612904703,-0.02239448216859613
MSFT,2023-08-10,317.8857952635295,320.0699275319088,313.16655676040074,314.8728942871094,20113700,0.0021698782684443493,0.01603119376605087,-0.02239448216859613
MSFT,2023-08-11,312.2695059957332,314.36585743355505,311.2456856962181,313.00079345703125,24355500,-0.005963321650403471,0.016052783678785196,-0.02239448216859613
MSFT,2023-08-14,313.37132372944086,315.974690482468,312.09398089474894,315.9552001953125,18836100,0.009394706459127464,0.015839747516730403,-0.02239448216859613
MSFT,2023-08-15,314.9411611661193,316.9790121676308,312.89355014228914,313.82958984375,16966300,-0.006750300917305216,0.015830587620369495,-0.02239448216859613
MSFT,2023-08-16,313.45831419457073,316.9954936708588,312.48119971164607,313.0674743652344,20698900,-0.002431390725763166,0.01582616227924345,-0.02239448216859613
MSFT,2023-08-17,313.20426358487214,314.50381263909213,308.9733414603899,309.6280212402344,21257200,-0.01104709485761384,0.015776153790433175,-0.02239448216859613
MSFT,2023-08-18,307.29270464284144,311.0936940527994,304.4199858602723,309.2371826171875,24755000,-0.0012630817585863464,0.015673679034143285,-0.02239448216859613
MSFT,2023-08-21,310.6540268930442,315.3832578154209,309.7844104350452,314.5136413574219,24040000,0.016918886201929172,0.015810995588405794,-0.02239448216859613
MSFT,2023-08-22,318.0507585907704,318.61747186045255,314.1032077999083,315.080322265625,16084600,0.0018001476950987435,0.015810218742005087,-0.02239448216859613
MSFT,2023-08-23,316.40917150691627,321.66605140677217,316.0573948399172,319.5163879394531,21166400,0.013980967317112335,0.01580545088550815,-0.02239448216859613
MSFT,2023-08-24,325.2325153533981,325.35954498918005,312.63749714645934,312.64727783203125,23281400,-0.021732917740281958,0.015908345366734446,-0.02239448216859613
MSFT,2023-08-25,314.11298756039173,317.9139473148537,311.5040788241883,315.58843994140625,21684100,0.009363312254209024,0.015951134546936037,-0.02239448216859613
MSFT,2023-08-28,318.207066953983,318.68584344960186,314.3572339791844,316.29193115234375,14808500,0.002226660405291049,0.015958053906664754,-0.02239448216859613
MSFT,2023-08-29,314.5135489536253,321.4510662996378,314.5135489536253,320.89410400390625,19284600,0.01444555475752207,0.014319034809168551,-0.02239448216859613
MSFT,2023-08-30,321.1481929412585,322.26208781651366,318.97899784822044,321.26544189453125,15222100,0.0011565285742064174,0.01422527166174837,-0.02239448216859613
MSFT,2023-08-31,321.6660497077852,323.33690686450706,319.30141990622377,320.2590026855469,26411000,-0.0031376513963718546,0.013668920115279,-0.02239448216859613
MSFT,2023-09-01,323.7278057381443,324.3922364479654,319.30147820313266,321.1384582519531,14942000,0.002742312438426385,0.013624667036855687,-0.02239448216859613
MSFT,2023-09-05,321.47058500611996,327.1867092747721,321.13836974277154,325.91644287109375,18553900,0.014768674051832537,0.013912794889409545,-0.02239448216859613
MSFT,2023-09-06,325.7503980121673,326.80566842614127,322.62362005663084,325.2618408203125,17535800,-0.002010516283103939,0.013494440127138229,-0.02239448216859613
MSFT,2023-09-07,323.70825547986243,325.4572688809115,321.4999672739755,322.3598327636719,18381000,-0.008962107350450619,0.011685859947151541,-0.02239448216859613
MSFT,2023-09-08,322.53566438985524,328.4667555070914,321.92007759322064,326.6199951171875,19530100,0.013128986030368156,0.011291626909085391,-0.02239448216859613
MSFT,2023-09-11,329.5220931094113,330.6751109123213,327.75351820340376,330.2060852050781,16583300,0.010919559463532803,0.010666174979010573,-0.02239448216859613
MSFT,2023-09-12,328.1345774558951,329.08237965274225,323.8939043767627,324.17724609375,17565500,-0.01842653810587078,0.01111454273260812,-0.02239448216859613
MSFT,2023-09-13,323.7277257811767,329.14094717585755,323.5909452896053,328.3690185546875,16544400,0.012847610494713706,0.011370638945024186,-0.02239448216859613
MSFT,2023-09-14,331.38838359380287,333.059241074138,328.86744125187914,330.9486999511719,20267000,0.007825345772411495,0.010270098813256686,-0.02239448216859613
MSFT,2023-09-15,329.2093670251741,329.6783628105359,322.10572689470496,322.6626892089844,37679800,-0.025355906623032082,0.011344279827618962,-0.02239448216859613
MSFT,2023-09-18,320.29803185345907,322.8385348088435,318.89098498029716,321.5292053222656,16834200,-0.003519091333178038,0.011351962060149292,-0.02239448216859613
MSFT,2023-09-19,318.7054070395551,321.8517165023023,317.0833936077872,321.1286315917969,16505900,-0.001246616035270876,0.011279451267088559,-0.02239448216859613
MSFT,2023-09-20,321.96898600781554,322.04714204193704,313.1749561204339,313.4289855957031,21436500,-0.02426895114504236,0.011917590614034195,-0.02239448216859613
MSFT,2023-09-21,311.95356654433346,317.9041899225686,307.79104947595397,312.2173767089844,35560400,-0.003873147753612304,0.011744935909903078,-0.02239448216859613
MSFT,2023-09-22,313.96639594173394,314.0934255806642,308.9147015377864,309.7550354003906,21447900,-0.007917888719592958,0.011818626483486774,-0.02239448216859613
MSFT,2023-09-25,309.34461765593346,310.3999178157117,307.7910094721355,310.27288818359375,17836000,0.0016704180051223998,0.01178008898108224,-0.02239448216859613
MSFT,2023-09-26,307.9181144910141,308.6509504072707,302.92504360895043,304.9965515136719,26297600,-0.017151724688315897,0.01202193891865354,-0.02239448216859613
MSFT,2023-09-27,305.1528159801847,307.1070447852302,302.6025617027996,305.6316223144531,19410100,0.0020800580679952775,0.011988823970597855,-0.02239448216859613
MSFT,2023-09-28,303.87275106769863,308.2600143272614,302.36801659248266,306.4621276855469,19683600,0.0027136558108693492,0.012002692435338441,-0.02239448216859613
MSFT,2023-09-29,310.4780935014134,312.1587314237549,307.77149741019485,308.52386474609375,24147300,0.006705013805440386,0.011912794524414768,-0.02239448216859613
MSFT,2023-10-02,309.0417636602757,314.5233913479347,307.96693177846345,314.4354248046875,20570000,0.018979530807695103,0.012408721916613973,-0.02239448216859613
MSFT,2023-10-03,313.48763043750324,314.03484198855955,304.0877937628594,306.2179260253906,21033500,-0.026481703494378322,0.012953222042802276,-0.02239448216859613
MSFT,2023-10-04,306.84326360549875,312.7157312613082,306.81395136342184,311.6604309082031,20720100,0.017617207610689325,0.013381363115075083,-0.02239448216859613
MSFT,2023-10-05,311.78742886180316,312.65707498694155,307.6933171593875,312.0512390136719,16965600,0.0012531692942751606,0.013109891461823089,-0.02239448216859613
MSFT,2023-10-06,309.3055602997531,321.65630098463043,309.06128169271835,319.7704772949219,25673600,0.024436078053964437,0.013275234844639239,-0.02239448216859613
MSFT,2023-10-09,317.3179038998877,322.7408769349448,315.78382712320234,322.2718811035156,19891200,0.007792060546078019,0.01324314531222916,-0.02239448216859613
MSFT,2023-10-10,323.38579530400693,323.5226056424412,320.17111018080624,320.8746337890625,20557100,-0.004345042631386087,0.013271318828225572,-0.02239448216859613
MSFT,2023-10-11,323.6300480505899,325.20321772099476,321.60744393030456,324.8123779296875,20063200,0.012197219048626275,0.013195865255310685,-0.02239448216859613
MSFT,2023-10-12,323.0047438226922,325.99471177384464,321.1970760539996,323.58123779296875,19313100,-0.003797513073535524,0.013217111071531352,-0.02239448216859613
MSFT,2023-10-13,324.7733126546174,326.19011074612195,318.8910644547027,320.229736328125,21072400,-0.010411539643723489,0.013347275791847291,-0.02239448216859613
MSFT,2023-10-16,323.4737360067268,328.44727494049874,323.03405238313746,325.0273742675781,22158000,0.01487074306478873,0.013614308751743392,-0.02239448216859613
MSFT,2023-10-17,322.0471583622745,325.828586634413,319.9170559493173,324.46063232421875,18338500,-0.0017451964669145438,0.013344540756872041,-0.02239448216859613
MSFT,2023-10-18,324.8807739787621,327.909834737972,320.7866620472197,322.55523681640625,23153600,-0.005889812311723784,0.01338194171583521,-0.02239448216859613
MSFT,2023-10-19,324.5485712503718,329.1703335138683,323.33695882729216,323.7375793457031,25052100,0.003658848802734684,0.013297658032037989,-0.02239448216859613
MSFT,2023-10-20,324.1283234715317,324.3237582391077,318.00182817517407,319.19390869140625,25027700,-0.01413446497583947,0.0133111198903498,-0.02239448216859613
MSFT,2023-10-23,318.0213985858915,325.1152580837002,316.96612824184217,321.7832946777344,24374700,0.00807953873783537,0.013235024513807696,-0.02239448216859613
MSFT,2023-10-24,323.71803518553446,324.2456853865201,320.10272927891094,322.9656677246094,31153600,0.003667704614568013,0.012832491428977334,-0.02239448216859613
MSFT,2023-10-25,337.1240202368528,338.2770379621599,329.89337919706037,332.87359619140625,55053800,0.030216801201738325,0.013793783891742569,-0.02239448216859613
MSFT,2023-10-26,332.7465699625012,333.81162115649903,319.4578072066944,320.3860778808594,37828500,-0.03823606495754439,0.01541345479460171,-0.02239448216859613
MSFT,2023-10-27,322.8679216685348,329.0139799295623,320.8843805209721,322.2621154785156,29856500,0.005838475689202068,0.014757638078519738,-0.02239448216859613
MSFT,2023-10-30,325.7796837612077,331.6814625082959,324.2358264617481,329.5904235839844,22828100,0.022485505320583715,0.01530007302053107,-0.02239448216859613
MSFT,2023-10-31,331.0952162716641,331.241777466002,327.0304168400943,330.37213134765625,20265300,0.002368946914952207,0.015297428513477748,-0.02239448216859613
MSFT,2023-11-01,332.0136566147739,339.46904305176577,331.8768463077068,338.1499328613281,28158800,0.02326969560598561,0.01505570998208001,-0.02239448216859613
MSFT,2023-11-02,339.29324086548826,340.84684939451466,336.87976677643417,340.3485412597656,24348100,0.00648082841046283,0.015022490609765226,-0.02239448216859613
MSFT,2023-11-03,341.62845567867816,346.27952899199676,339.38107504059997,344.72589111328125,23637700,0.012779368837635408,0.0149849165610045,-0.02239448216859613
MSFT,2023-11-06,345.36110615399525,349.3575005821622,345.2633887474612,348.37060546875,23828300,0.010517288630243557,0.015033307246549433,-0.02239448216859613
MSFT,2023-11-07,351.1749086935178,354.16487636600215,349.4454269438777,352.279052734375,25833900,0.01115675362480084,0.014549581681033654,-0.02239448216859613
MSFT,2023-11-08,353.4027369651116,355.54261993465985,352.2985928972702,354.8879699707031,26767800,0.007378537145967371,0.014547533215611577,-0.02239448216859613
MSFT,2023-11-09,354.0085034994957,356.44153841470893,352.1128993476677,352.43536376953125,24847300,-0.006934921876976144,0.014705184110431247,-0.02239448216859613
MSFT,2023-11-10,353.21708130319655,361.6300519453443,352.8067099465058,361.20989990234375,28042100,0.02459198928868356,0.01514698126343126,-0.02239448216859613
MSFT,2023-11-13,359.79306407971893,360.03734267871334,357.52615152445077,358.2882995605469,19986500,-0.008121261183913094,0.015108342270004743,-0.02239448216859613
MSFT,2023-11-14,362.51919694143055,363.43768679672274,358.94295491704753,361.7961120605469,27683900,0.009742858451324953,0.013963256546517354,-0.02239448216859613
MSFT,2023-11-15,363.5193258281366,365.3306622150657,359.436476024947,361.9429931640625,26860100,0.00040589517540756394,0.013803421757108254,-0.02239448216859613
MSFT,2023-11-16,363.20606948048294,368.48342035388106,362.4423744800686,368.30718994140625,27182300,0.01743062325252056,0.013967595712638493,-0.02239448216859613
MSFT,2023-11-17,365.8006186204478,366.5447423144695,359.3287982048387,362.1192321777344,40157000,-0.016943816978186654,0.014078426088569348,-0.02239448216859613
MSFT,2023-11-20,363.46060991672704,370.95070053235196,363.24520725093254,369.55059814453125,52465100,0.020314139553076063,0.014372815445301371,-0.02239448216859613
MSFT,2023-11-21,367.8176325584251,368.3561243217149,363.3627202596963,365.27197265625,28423100,-0.011645461129357583,0.014589016153988358,-0.02239448216859613
MSFT,2023-11-22,370.0989155578587,371.8515087359404,367.13225084262217,369.9520568847656,23345300,0.012731214579849517,0.014599280944493382,-0.02239448216859613
MSFT,2023-11-24,369.44288626548433,370.0695230751344,367.2986899991627,369.5408020019531,10176600,-0.0011122620597838126,0.014555852134020927,-0.02239448216859613
MSFT,2023-11-27,368.9044009726802,372.683733332582,368.336537498751,370.6961364746094,22179200,0.003121528663943157,0.014287356896930715,-0.02239448216859613
MSFT,2023-11-28,370.44160282909473,374.994400937648,370.25557188472965,374.70068359375,20453100,0.01074484231452906,0.01420748593620694,-0.02239448216859613
MSFT,2023-11-29,375.7385563254902,376.2672475889846,369.55065146948715,370.9311828613281,28963400,-0.010110975712098368,0.014419691972219983,-0.02239448216859613
MSFT,2023-11-30,370.5786340328009,372.1451961390215,367.6217700935787,370.9898681640625,30554400,0.00015819824164753818,0.014311852428444845,-0.02239448216859613
MSFT,2023-12-01,368.8848238631299,370.25555453657734,363.54872995472044,366.6818542480469,33040500,-0.011680162766663085,0.014619664217723115,-0.02239448216859613
MSFT,2023-12-04,361.3848999985792,361.7961042236622,355.31448343294096,361.424072265625,32063300,-0.01444260562518586,0.014633056923579446,-0.02239448216859613
MSFT,2023-12-05,358.7903292029664,365.28172122334854,357.9776614584204,364.7334289550781,23065000,0.009114770818658177,0.014643879828941513,-0.02239448216859613
MSFT,2023-12-06,365.73212951183393,366.35873644463544,360.3372921206186,361.0911865234375,21182100,-0.010036234446429019,0.014872249434984275,-0.02239448216859613
MSFT,2023-12-07,360.5331422311326,363.68583789268007,358.66306211428184,363.1962890625,23118900,0.005812908651934726,0.01401569710631404,-0.02239448216859613
MSFT,2023-12-08,361.4828549867559,366.6328881744278,360.53312909562084,366.40771484375,20154400,0.008803259038556882,0.01169306139941241,-0.02239448216859613
MSFT,2023-12-11,360.77790780370736,363.83268764840955,358.44765064841334,363.5389404296875,27708800,-0.007860270784586657,0.011903520267520028,-0.02239448216859613
MSFT,2023-12-12,363.09838231575895,366.5937682209635,362.7165198765075,366.5545959472656,24838300,0.008261058392132859,0.011415827633906481,-0.02239448216859613
MSFT,2023-12-13,368.16024372357776,369.74640682649743,363.0199816736299,366.54473876953125,30955500,-2.68917928803239e-05,0.011432693537059757,-0.02239448216859613
MSFT,2023-12-14,365.50690312981,365.94750897813526,356.5187948133364,358.2811584472656,43277500,-0.02280254723013055,0.011769833084174194,-0.02239448216859613
MSFT,2023-12-15,359.1819619943408,364.6159417445296,358.6238691889497,362.9808654785156,78502300,0.013032083736015996,0.011917079756925594,-0.02239448216859613
MSFT,2023-12-18,361.7275930990288,365.20337736605416,360.9736688806633,364.8606872558594,21802900,0.005165481278430053,0.011762892001575,-0.02239448216859613
MSFT,2023-12-19,363.72489468578055,365.4579162597656,362.109389902321,365.4579162597656,20603700,0.0016355303949854617,0.011649548511020858,-0.02239448216859613
MSFT,2023-12-20,367.1616214647713,368.1700908565403,362.78505374172363,362.8731689453125,26316700,-0.007097756001850314,0.011609625069160088,-0.02239448216859613
MSFT,2023-12-21,364.77262075610525,366.58395739776404,362.30530541678434,365.7321472167969,17708000,0.0078478509049053,0.011618846167087138,-0.02239448216859613
MSFT,2023-12-22,365.86921479028837,367.3378613138971,364.91948884316713,366.7503967285156,17107500,0.0027802714919290916,0.011524974462123085,-0.02239448216859613
MSFT,2023-12-26,367.1615944273694,369.0610461329153,365.69294804965995,366.8287048339844,12673100,0.00021349601044901186,0.010654613336818169,-0.02239448216859613
MSFT,2023-12-27,365.87900622442777,367.2203652351963,365.01739550459973,366.2510681152344,14905400,-0.0015759180913523397,0.010538055613805731,-0.02239448216859613
MSFT,2023-12-28,367.5239062248259,368.59111915362496,366.33920635042557,367.435791015625,14327000,0.0032295083804234894,0.01041236812140868,-0.02239448216859613
MSFT,2023-12-29,368.140698335078,369.2764551389083,365.67338313483896,368.17987060546875,18730800,0.0020230125116451367,0.010415965863833655,-0.02239448216859613
MSFT,2024-01-02,366.0454121665628,368.0427796247224,359.1036138103624,363.117919921875,25258600,-0.013843967791978424,0.010233691792923001,-0.02239448216859613
MSFT,2024-01-03,361.2968150611858,365.45797986261033,360.8072662610182,362.85357666015625,23083500,-0.0007282469756624223,0.00975057415012864,-0.02239448216859613
MSFT,2024-01-04,362.92215399405467,365.30135421024977,359.49531207816057,360.24920654296875,20901500,-0.007203350447618149,0.009049361196061215,-0.02239448216859613
MSFT,2024-01-05,361.25764113124956,364.2830491168241,358.8392688743441,360.0631408691406,21004600,-0.0005166249853553875,0.008816660931083426,-0.02239448216859613
MSFT,2024-01-08,361.58074269539895,367.35744261436474,361.2968258961624,366.85809326171875,23134000,0.018695699043793878,0.009184399074349661,-0.02239448216859613
MSFT,2024-01-09,364.23407123187167,368.13086016631314,363.43120410921466,367.93505859375,20830000,0.0029313449655568166,0.009201418558490312,-0.02239448216859613
MSFT,2024-01-10,368.50297659226095,376.1399561660862,368.45403366179033,374.7691955566406,25514200,0.018403906586712572,0.009792552567486935,-0.02239448216859613
MSFT,2024-01-11,377.9316910243427,382.5138608324762,372.4291670394017,376.59033203125,27850800,0.004847586206057457,0.009634909421254641,-0.02239448216859613
MSFT,2024-01-12,377.4323756542809,380.55569981393256,376.6099371438589,380.35009765625,21661200,0.009934194020736708,0.009592477824552767,-0.02239448216859613
MSFT,2024-01-16,385.43155133047776,385.79381264906647,379.5177936668549,382.1123962402344,27202300,0.004622658127577386,0.009616203266326381,-0.02239448216859613
MSFT,2024-01-17,379.8702558603142,381.95570842020396,376.76650366232656,381.3291015625,22234100,-0.002052010415580937,0.009335514362062567,-0.02239448216859613
MSFT,2024-01-18,383.5321225973024,385.75466344784127,381.96556042243856,385.6371765136719,23392100,0.011234184300637478,0.009013394074198903,-0.02239448216859613
MSFT,2024-01-19,387.48767542805655,390.33685302734375,385.2749052923237,390.33685302734375,29331100,0.012113121828865814,0.009109267815386577,-0.02239448216859613
MSFT,2024-01-22,391.6586277842315,392.2460923450514,385.36303712070327,388.2220153808594,27016900,-0.00543271147193083,0.008932012859180126,-0.02239448216859613
MSFT,2024-01-23,387.47783009611624,391.0319587511522,385.6958655004186,390.5619812011719,20525900,0.0060092987843901,0.00893466074033417,-0.02239448216859613
MSFT,2024-01-24,393.1469303877458,397.15143671668096,392.07971739462846,394.1455993652344,24867000,0.009133703219521052,0.00894299945094423,-0.02239448216859613
MSFT,2024-01-25,395.8687653294727,398.5025403738,394.1161721859946,396.4072570800781,21021200,0.005721727185250127,0.00874558012769307,-0.02239448216859613
MSFT,2024-01-26,395.917682766026,397.68007633393063,394.01823107466254,395.48687744140625,17803300,-0.0023245027661505124,0.008734741921679489,-0.02239448216859613
MSFT,2024-01-29,397.5724131081032,401.4104892723421,395.8785633157736,401.1559143066406,24510200,0.014232558480863558,0.008975337005855552,-0.02239448216859613
MSFT,2024-01-30,403.64277019124665,404.41623575131524,397.9542157503529,400.0494689941406,33477600,-0.0027619535238460574,0.007633587258718696,-0.02239448216859613
MSFT,2024-01-31,398.45353212037105,406.6388032074163,388.90733097100707,389.26959228515625,47871100,-0.027316069075447466,0.009300644790604877,-0.02239448216859613
MSFT,2024-02-01,393.430744217634,399.4717890769623,393.401372487154,395.3399963378906,30657700,0.015474002019519175,0.009594763884629279,-0.02239448216859613
MSFT,2024-02-02,395.36942496681314,404.02464472350925,395.12465055102524,402.6245422363281,28256700,0.018258325812163946,0.010003957590755416,-0.02239448216859613
MSFT,2024-02-05,401.33212452419457,402.5657971362689,395.5456537728456,397.17095947265625,25352300,-0.013637654314764311,0.010303506358425387,-0.02239448216859613
MSFT,2024-02-06,397.39617518548,399.44248577195293,394.48825385108364,397.0143127441406,18382600,-0.000394484098426541,0.010279932937184379,-0.02239448216859613
MSFT,2024-02-07,398.92359439750413,405.6401907001784,398.8844221207242,405.3954162597656,22340500,0.020890594954410396,0.010801179562224697,-0.02239448216859613
MSFT,2024-02-08,405.39538860876115,406.87383568951475,403.9071708692484,405.4541320800781,21225300,0.00014482543780250284,0.010801872106585798,-0.02239448216859613
MSFT,2024-02-09,406.57025541446654,412.02383590927224,406.4135962217608,411.75946044921875,22032800,0.015431592309273722,0.010979966418748696,-0.02239448216859613
MSFT,2024-02-12,411.7693143498308,411.9455447595813,406.0807592685953,406.5801086425781,21202900,-0.012658366187343978,0.011389156036024934,-0.02239448216859613
MSFT,2024-02-13,396.4758362047706,401.49861232810986,394.95824667886694,397.8269958496094,27824900,-0.021763751816610714,0.012279663726160999,-0.02239448216859613
MSFT,2024-02-14,400.2791853329973,402.0153819358465,396.84600689910087,401.67205810546875,20401200,0.009618752848680356,0.011939921548906584,-0.02239448216859613
MSFT,2024-02-15,400.34791702088137,401.3190066322356,396.57141418180584,398.7980651855469,21825500,-0.007180793350770548,0.012073543884668723,-0.02239448216859613
MSFT,2024-02-16,400.17133095818804,400.49504745207923,395.73763633762957,396.3457946777344,22296500,-0.006168137381168365,0.012044381352615404,-0.02239448216859613
MSFT,2024-02-20,395.5413968145009,396.7675320143623,390.41126629664336,395.1000061035156,24307900,-0.0031481362384679946,0.012081778748176165,-0.02239448216859613
MSFT,2024-02-21,392.53007321174096,394.60959394201785,389.63638185870155,394.5016784667969,18518900,-0.001515517919807852,0.01174056243660757,-0.02239448216859613
MSFT,2024-02-22,402.3587454167674,404.9483275530714,400.76967888893086,403.7908630371094,27009900,0.02327368323068316,0.012342998624767926,-0.02239448216859613
MSFT,2024-02-23,407.7341476569605,407.92049268532105,401.1620503723916,402.5058898925781,16295900,-0.003187348151208859,0.012045756335472701,-0.02239448216859613
MSFT,2024-02-26,403.60448178020243,404.2911294979053,399.5827521513917,399.75933837890625,16193500,-0.006847018036220612,0.012151907361879759,-0.02239448216859613
MSFT,2024-02-27,400.2007433350152,400.5244598178457,396.13979878680874,399.70050048828125,14835800,-0.00014719411250130023,0.012063723756007403,-0.02239448216859613
MSFT,2024-02-28,400.38712249937714,401.48573495033145,397.58173927175767,399.9359130859375,13183100,0.0005887991103486563,0.012051970399913002,-0.02239448216859613
MSFT,2024-02-29,400.8383181687279,406.2921650523384,398.1702468207432,405.74285888671875,31947300,0.01441528946688177,0.012256949325163658,-0.02239448216859613
MSFT,2024-03-01,403.4180998812608,407.93028353505224,403.03556125394095,407.5673522949219,17823400,0.004486594275183856,0.012144350127417021,-0.02239448216859613
MSFT,2024-03-04,405.54668869062186,409.38204334564557,404.4480762959748,406.9984436035156,17596000,-0.0013968393634339721,0.012000038030226947,-0.02239448216859613
MSFT,2024-03-05,406.0567462440755,406.3412180011649,392.991071894389,394.9626770019531,26919200,-0.03001808953115471,0.013256045911508484,-0.02239448216859613
MSFT,2024-03-06,395.2765339863949,397.4247250969949,390.7839881082766,394.413330078125,22344100,-0.0013918513042861704,0.013220220962527382,-0.02239448216859613
MSFT,2024-03-07,398.3664950410901,401.95662320085074,394.56056584653686,401.328857421875,18718500,0.01738176400530821,0.013492642681606598,-0.02239448216859613
MSFT,2024-03-08,400.1712786506048,402.58433424165736,396.61057729290076,398.4645080566406,18002200,-0.007162754119142507,0.013529071656177729,-0.02239448216859613
MSFT,2024-03-11,396.05146623078247,397.93479302965693,393.5991959671877,396.79693603515625,16120800,-0.004193776720710697,0.013545263401405973,-0.02239448216859613
MSFT,2024-03-12,399.83777202306123,407.6360037253644,399.02363143663507,407.3515319824219,22457000,0.02625187390469574,0.014141989885566232,-0.02239448216859613
MSFT,2024-03-13,410.1177430442753,410.19620253246603,403.5947092048327,407.1750183105469,17115900,-0.0004334141706606618,0.014129792420257881,-0.02239448216859613
MSFT,2024-03-14,412.21684262615895,419.6521433696343,410.009799228429,417.1017761230469,34157300,0.02408714603120201,0.013740608527144685,-0.02239448216859613
MSFT,2024-03-15,411.28501994441507,414.53182378938754,404.9091164524236,408.4698181152344,45079900,-0.020912232552925777,0.014137975041299213,-0.02239448216859613
MSFT,2024-03-18,406.341265451297,412.6975620459207,405.88023735043,409.3526611328125,20106000,0.002159009767803267,0.013764408629344712,-0.02239448216859613
MSFT,2024-03-19,409.85292483110754,413.61963925736296,407.61645497892624,413.3645935058594,19837900,0.00975295984544418,0.013594324143928626,-0.02239448216859613
MSFT,2024-03-20,413.94328882066856,417.82767717758037,412.6288753346162,417.11163330078125,17860100,0.00902389520840822,0.013661662271327701,-0.02239448216859613
MSFT,2024-03-21,421.6236946735433,422.5948140004444,419.0046869391771,421.1724853515625,21296200,0.009688561970319021,0.013264856532109893,-0.02239448216859613
MSFT,2024-03-22,421.4963200117596,421.6532390012991,417.9356179957843,420.55462646484375,17648500,-0.0014680743652299862,0.013272851492471515,-0.02239448216859613
MSFT,2024-03-25,417.1213703760103,419.24995422394994,413.5606690168653,414.78680419921875,18060500,-0.01380971592663498,0.013266817769439233,-0.02239448216859613
MSFT,2024-03-26,417.48436404283126,417.8571139836089,413.305715072137,413.5999755859375,16725600,-0.002865399241712292,0.013057224524550635,-0.02239448216859613
MSFT,2024-03-27,416.3366986755512,416.3465173372015,411.0103740796991,413.3841552734375,16705000,-0.0005219454868507737,0.012361748228730136,-0.02239448216859613
MSFT,2024-03-28,412.9231220201488,413.81575210575176,411.11825446083225,412.6877136230469,21871200,-0.0016861530857504934,0.01227071776088395,-0.02239448216859613
MSFT,2024-04-01,415.8560141116514,419.72079454258875,414.15903226844193,416.46417236328125,16316000,0.009109271577063316,0.01226114181949541,-0.02239448216859613
MSFT,2024-04-02,412.08932675524255,414.31600751259526,409.8626759328322,413.3939514160156,17912000,-0.007399421340893936,0.01228953208291981,-0.02239448216859613
MSFT,2024-04-03,411.71659648353796,415.17920112214335,411.0888008867087,412.4228515625,16502300,-0.0023518540616436264,0.012280218247336418,-0.02239448216859613
MSFT,2024-04-04,416.8762213933396,420.4859867966176,409.5978983516999,409.9019775390625,19370900,-0.006131109826590792,0.012347129196634573,-0.02239448216859613
MSFT,2024-04-05,411.99124304246095,418.36714603884514,410.33350586860576,417.3960266113281,16554800,0.018117423277730988,0.012062982214792151,-0.02239448216859613
MSFT,2024-04-08,417.0527081073557,419.12240981995205,415.21838482354366,416.4837646484375,14272400,-0.0021879948078687424,0.012052096258448391,-0.02239448216859613
MSFT,2024-04-09,418.2985199584035,419.5736887198931,413.5705349702072,418.1415710449219,12496900,0.003972581482482577,0.011966492788139917,-0.02239448216859613
MSFT,2024-04-10,414.12962029851764,415.9344877287147,411.68716854848634,415.17919921875,16216600,-0.007109829517714573,0.012066613551580452,-0.02239448216859613
MSFT,2024-04-11,417.69033834286756,421.1725504908495,414.2963744060529,419.7600402832031,17966400,0.01097298296969436,0.01219476155267188,-0.02239448216859613
MSFT,2024-04-12,415.95406972864896,417.06250067629605,411.7557842388935,413.8451232910156,19253800,-0.014191409843481342,0.012277306715079497,-0.02239448216859613
MSFT,2024-04-15,418.45542004596757,418.6712210349568,405.53684662340567,405.74285888671875,20273500,-0.019772199048650057,0.012804102543475967,-0.02239448216859613
MSFT,2024-04-16,406.6550977488978,410.4119627811132,405.8311384974836,406.6648864746094,16765600,0.002269865074611685,0.012809285318272981,-0.02239448216859613
MSFT,2024-04-17,409.28398181705415,410.88286711080787,402.49608331512337,403.9772644042969,15855500,-0.006630871377562949,0.011573133185933894,-0.02239448216859613
MSFT,2024-04-18,402.7903496970384,404.02630364117994,396.23788993068626,396.5517578125,21029900,-0.0185520308672538,0.012095064693147401,-0.02239448216859613
MSFT,2024-04-19,396.31635459832717,397.738683518828,390.1758594431205,391.5000915527344,30565800,-0.012820820001338188,0.01186875876184114,-0.02239448216859613
MSFT,2024-04-22,392.4416972104412,395.15883179011223,388.1943783333411,393.3049011230469,20286900,0.0045993916165007545,0.011846484309437664,-0.02239448216859613
MSFT,2024-04-23,396.5223162949651,400.4067342721825,395.3648518176367,399.78875732421875,15734500,0.016351160022571275,0.012209931780250588,-0.02239448216859613
MSFT,2024-04-24,401.7407287200192,404.59517495198185,399.01380533371923,401.2502746582031,15065300,0.00364905802934071,0.01120627089177286,-0.02239448216859613
MSFT,2024-04-25,386.5072408836068,392.2553782643455,380.62179192671005,391.4216003417969,40586500,-0.024800118127976698,0.012052166369431567,-0.02239448216859613
MSFT,2024-04-26,404.30094095620495,405.1150815807432,398.01331587991365,398.5626220703125,29694700,0.01807938952946596,0.01165902606716119,-0.02239448216859613
MSFT,2024-04-29,397.5130677635141,398.56264677395114,391.56876617151903,394.5703430175781,19582100,-0.010067196664414036,0.01119579973536507,-0.02239448216859613
MSFT,2024-04-30,393.8247883748175,394.4820099813431,381.7400231834723,381.8969421386719,28781400,-0.032646646456728975,0.012560831658775543,-0.02239448216859613
MSFT,2024-05-01,385.11433904555116,394.05042796595137,382.85826224732904,387.3998718261719,23562500,0.01430663288552633,0.012737948846551292,-0.02239448216859613
MSFT,2024-05-02,390.0679505478797,392.29460134045365,387.11540734616494,390.2445068359375,17709400,0.007316063167211887,0.012689957553514134,-0.02239448216859613
MSFT,2024-05-03,394.59976579857647,399.37678414031285,394.1877711661832,398.8961486816406,17446700,0.021927620734524735,0.013269488283753182,-0.02239448216859613
MSFT,2024-05-06,400.95603550783153,406.0273140130064,398.6116505989638,405.644775390625,16996600,0.016776735141005316,0.013696972476288155,-0.02239448216859613
MSFT,2024-05-07,406.74337133005633,406.7531899905989,401.2797058272895,401.5249328613281,20018200,-0.010208208419278776,0.013598096083911378,-0.02239448216859613
MSFT,2024-05-08,400.37736994582315,404.3598554078132,398.9452222175611,402.7021179199219,11792300,0.002927496403358944,0.013613037343865297,-0.02239448216859613
MSFT,2024-05-09,402.73146980472023,404.84041635842834,401.2895336143813,404.44805908203125,14689700,0.0043261934022550234,0.013646294437710203,-0.02239448216859613
MSFT,2024-05-10,405.056306830345,407.44972566051337,403.93805691389593,406.8219299316406,13402300,0.005852250562564402,0.013697361473316499,-0.02239448216859613
MSFT,2024-05-13,410.02939307645266,410.36289822900073,402.9766616384639,405.8212890625,15440200,-0.0024626831344356065,0.013580528627431764,-0.02239448216859613
MSFT,2024-05-14,404.1538152820149,409.5193847249845,403.69278719697195,408.6071472167969,15109300,0.006841286221794107,0.013593052163727238,-0.02239448216859613
MSFT,2024-05-15,410.6608977071615,416.46852499785643,410.0418061194269,415.75115966796875,22239500,0.01733273321353005,0.01396500736275,-0.02239448216859613
MSFT,2024-05-16,414.49338464088675,418.05070261448816,413.06852016596474,413.6974182128906,17530100,-0.004952074683936987,0.013948026558567906,-0.02239448216859613
MSFT,2024-05-17,415.2205635959117,415.5939858480529,410.7886784280323,412.930908203125,15352200,-0.0018545462451783896,0.013539278808703455,-0.02239448216859613
MSFT,2024-05-20,412.9308753558347,419.3772369114519,412.71468512121004,417.9720153808594,16272100,0.012134194954259643,0.013723793962874167,-0.02239448216859613
MSFT,2024-05-21,419.43623228216074,425.46988664412265,417.49054998726376,421.60797119140625,21453300,0.008661422614943456,0.013795706593028617,-0.02239448216859613
MSFT,2024-05-22,422.6398032435963,424.919622461389,419.7310859592396,423.0623474121094,18073700,0.003443657545271964,0.013735320852375894,-0.02239448216859613
MSFT,2024-05-23,425.4698570651074,426.0889486573305,418.05065430726955,419.603271484375,17211700,-0.008209888428514861,0.01368348667391161,-0.02239448216859613
MSFT,2024-05-24,419.7900037534496,423.59296088139126,417.05816150216543,422.70855712890625,11855300,0.007373278178767737,0.013477825167223855,-0.02239448216859613
MSFT,2024-05-28,422.1877033571548,423.3570918822038,419.2101919839553,422.8657531738281,15718000,0.0003718089464578852,0.01291232425175884,-0.02239448216859613
MSFT,2024-05-29,418.3160195321069,423.4750768037088,418.3160195321069,421.7357482910156,15517100,-0.0026758312768701605,0.012932099339331237,-0.02239448216859613
MSFT,2024-05-30,416.95003623481153,416.95003623481153,407.0643033400361,407.48687744140625,28394500,-0.03437019944939293,0.0144185277803401,-0.02239448216859613
MSFT,2024-05-31,409.53083651523417,409.53083651523417,397.5028738526741,407.93890380859375,47995300,0.0011086880593761286,0.01397257541812177,-0.02239448216859613
MSFT,2024-06-03,408.3319723384426,409.21637607324783,401.83648858598,406.3567810058594,17484700,-0.0038858729650112145,0.01376271173641274,-0.02239448216859613
MSFT,2024-06-04,405.28571008638386,409.2262568074665,402.58334672161834,408.8626708984375,14348900,0.00614778702664213,0.013778632899019606,-0.02239448216859613
MSFT,2024-06-05,410.57245747625547,416.7338342090642,409.08860495020656,416.6650695800781,16988000,0.01890337692744501,0.013882301265780588,-0.02239448216859613
MSFT,2024-06-06,416.66508413024746,417.9425528471417,413.29447761268017,417.1662292480469,14861300,0.0012020650436589788,0.013875685836961082,-0.02239448216859613
MSFT,2024-06-07,418.8172330823051,418.89583410041996,415.672652556748,416.5079345703125,13621700,-0.0015792616423148595,0.012989068551404505,-0.02239448216859613
MSFT,2024-06-10,417.34315052242914,420.66457531575907,416.5471841383872,420.4582214355469,13982900,0.009439607969246597,0.012714769043971837,-0.02239448216859613
MSFT,2024-06-11,418.1096457911631,425.3224952545953,417.88361916349896,425.1849060058594,14551100,0.011179027278914984,0.01262335015819844,-0.02239448216859613
MSFT,2024-06-12,427.77914935628644,435.719169857388,425.74499986300094,433.4197082519531,22366200,0.019182414391276152,0.011103803107959526,-0.02239448216859613
MSFT,2024-06-13,433.21335923548196,435.709368351957,431.7589858154619,433.9306945800781,15960600,0.0011782697870993451,0.010950148766406716,-0.02239448216859613
MSFT,2024-06-14,430.68783959132213,435.46366723778004,429.15486528231924,434.9035339355469,13582000,0.0022394139873943976,0.010932846496568756,-0.02239448216859613
MSFT,2024-06-17,434.9232138540311,443.1285766509554,433.08561180023855,440.60308837890625,20790000,0.013020198399902701,0.01053187092863075,-0.02239448216859613
MSFT,2024-06-18,441.9198947788086,442.34246889984814,437.18341197055486,438.6082763671875,17112500,-0.004537738056277041,0.01030899006996817,-0.02239448216859613
MSFT,2024-06-20,438.5689526211533,438.79497924029823,433.6260860366594,437.9793701171875,19877400,-0.0014348966938522892,0.010054287346987396,-0.02239448216859613
MSFT,2024-06-21,439.63025801243765,442.774807970896,438.77533339876635,441.9886779785156,34187100,0.009112457238266878,0.010118148949383014,-0.02239448216859613
MSFT,2024-06-24,442.00833058442447,444.9072412251996,438.677069430459,439.9152526855469,15913700,-0.0047021654881488325,0.010214318632813685,-0.02239448216859613
MSFT,2024-06-25,440.48515617122325,443.6002568065394,439.01114003233465,443.1383972167969,16413400,0.007300029494600002,0.01023263093316639,-0.02239448216859613
MSFT,2024-06-26,441.22215886891127,445.7424809709231,440.42619256271684,444.3274230957031,16507000,0.0026795997392814034,0.010183516241837042,-0.02239448216859613
MSFT,2024-06-27,444.3470860716105,448.267989524247,443.9441847148766,445.0054931640625,14806300,0.0015248962168286002,0.010160987551790965,-0.02239448216859613
MSFT,2024-06-28,445.22168389223947,447.49166642517747,438.6770484115445,439.20770263671875,28362300,-0.013114198357825381,0.010184487580893185,-0.02239448216859613
MSFT,2024-07-01,440.88808384173325,449.447196335744,437.94005138791704,448.81829833984375,17662800,0.021645697158181997,0.010717532269840482,-0.02239448216859613
MSFT,2024-07-02,445.3494309967801,451.6287242891569,445.2609636362825,451.3240966796875,13979800,0.005567574256196183,0.01069402529283233,-0.02239448216859613
MSFT,2024-07-03,450.2529744663604,453.0339384006955,449.94834686189404,452.78826904296875,9932800,0.003238919627240526,0.010553378370725158,-0.02239448216859613
MSFT,2024-07-05,451.6483951731934,460.2370169877969,451.01949716215944,459.460693359375,16000300,0.014628776974648542,0.010725097909623029,-0.02239448216859613
MSFT,2024-07-08,458.46817132419625,459.598274429734,456.4143789671548,458.1635437011719,12962300,-0.0028271932449611755,0.010774444472208709,-0.02239448216859613
MSFT,2024-07-09,458.9104480367417,459.23471845585203,450.06634946644044,451.5796813964844,17207200,-0.014474363908119745,0.011049505836258071,-0.02239448216859613
MSFT,2024-07-10,453.2305340754163,458.3797547644369,450.9113994976311,458.17340087890625,18196100,0.014495878216351137,0.011233964396641268,-0.02239448216859613
MSFT,2024-07-11,454.96002402992053,456.72883147324404,443.7279978013262,446.8234558105469,23111200,-0.025084153845719236,0.012323312132057427,-0.02239448216859613
MSFT,2024-07-12,446.459846610387,448.45468069664645,442.8436006787632,445.693359375,16324300,-0.0025323826291174926,0.012321528425087288,-0.02239448216859613
MSFT,2024-07-15,445.44771219074863,449.3391368001631,443.61011000854984,446.0962829589844,14429400,0.000903629269223115,0.01025684367778197,-0.02239448216859613
MSFT,2024-07-16,446.3518119574386,446.4304129687703,438.9227718455909,441.73321533203125,17175700,-0.009828695169896335,0.010518090875999555,-0.02239448216859613
MSFT,2024-07-17,434.92321432561624,437.1440749862863,431.5722805813875,435.83709716796875,21778000,-0.013437571442028956,0.01086180347913255,-0.02239448216859613
MSFT,2024-07-18,436.6428994208888,436.94752703468305,426.8750830594602,432.7416687011719,20794800,-0.0071276013024919125,0.010970967817050434,-0.02239448216859613
MSFT,2024-07-19,425.5976305961669,433.49836608097274,424.51667935003445,429.53814697265625,20940400,-0.007430387234665637,0.01061051710672914,-0.02239448216859613
MSFT,2024-07-22,434.1371082507153,436.898429671943,431.306992206013,435.2671813964844,15808800,0.013249497999747725,0.010843298971121604,-0.02239448216859613
MSFT,2024-07-23,436.21051790501895,440.6227600869156,435.4243879336588,437.1440734863281,13107100,0.004302775726587202,0.010840453131859046,-0.02239448216859613
MSFT,2024-07-24,432.82031037979385,433.8324669900576,420.18306232506063,421.4703674316406,26805800,-0.036513356055027944,0.01277095471004987,-0.02239448216859613
MSFT,2024-07-25,421.3721232816147,422.35480083589914,410.2777152857788,411.15228271484375,29943800,-0.024785808891357924,0.01336727356545051,-0.02239448216859613
MSFT,2024-07-26,410.95572197330205,421.49002544679837,410.04180915234855,417.9032287597656,23583800,0.01628623215212418,0.013225306197182776,-0.02239448216859613
MSFT,2024-07-29,424.10394408211863,424.66407745687695,417.34314804369717,419.3379821777344,15125800,0.00342733922718548,0.013245700614821979,-0.02239448216859613
MSFT,2024-07-30,420.31083428857175,421.6177822082065,410.13027948455533,415.593994140625,32687600,-0.008968426741781763,0.013305015801648497,-0.02239448216859613
MSFT,2024-07-31,413.21586942488864,414.47369536650564,405.0694649339739,411.1031188964844,42891400,-0.0108647274783863,0.013118641701443922,-0.02239448216859613
MSFT,2024-08-01,413.50088916463085,420.05533154219523,405.9342601346404,409.8846130371094,30296400,-0.0029683921128241353,0.013112579704995356,-0.02239448216859613
MSFT,2024-08-02,405.3445889736249,407.8111188309651,397.33577420400843,401.41387939453125,29437900,-0.020882675242586992,0.013544127269317642,-0.02239448216859613
MSFT,2024-08-05,382.42860065253456,394.09297731515574,378.9007621776494,388.30499267578125,40709200,-0.03320191879518627,0.014424090662727885,-0.02239448216859613
MSFT,2024-08-06,393.07100276300895,398.6427974223072,391.59698650264767,392.687744140625,24946500,0.011223657445840281,0.014699834355194069,-0.02239448216859613
MSFT,2024-08-07,401.5613573427881,402.97638538590667,390.58483621712907,391.5281982421875,20650900,-0.0029572128818081906,0.014551640773846613,-0.02239448216859613
MSFT,2024-08-08,395.46871662305415,398.8294567188382,393.0120229903142,395.7143859863281,20203000,0.010635164522595,0.014751092264584495,-0.02239448216859613
MSFT,2024-08-09,397.03117577316215,400.9815283942931,395.2918474526737,398.9866943359375,19276700,0.008235365283751751,0.014885861827288838,-0.02239448216859613
MSFT,2024-08-12,400.0087309169643,401.6792947885224,397.23757296063644,399.7630615234375,16762900,0.0019439566054165098,0.01480901153171276,-0.02239448216859613
MSFT,2024-08-13,402.49487016333154,407.7620371122612,402.475227409518,406.83831787109375,19414300,0.01754382771832871,0.014589621004515321,-0.02239448216859613
MSFT,2024-08-14,407.61460282522484,410.484034234621,405.30533476037385,409.638916015625,18267000,0.0068602258873357086,0.014618512193263704,-0.02239448216859613
MSFT,2024-08-15,413.27150876832536,414.5611340262228,411.16480439429694,414.4823913574219,20752100,0.01175441301030388,0.014829607054395668,-0.02239448216859613
MSFT,2024-08-16,414.0591609720714,414.787643452163,410.81046198721873,411.9622802734375,22775600,-0.006098699602284334,0.014460798830212021,-0.02239448216859613
MSFT,2024-08-19,412.44459964164133,415.19121979816396,409.98347800679744,414.9746398925781,15234000,0.007285617246959231,0.014597558865804699,-0.02239448216859613
MSFT,2024-08-20,415.14205004692775,419.2373304106215,415.08298552534507,418.1938171386719,16387600,0.0077275927539654145,0.014574300163485644,-0.02239448216859613
MSFT,2024-08-21,417.48497282390196,419.7689009161739,415.1616884163413,417.5440673828125,16067300,-0.0015549130865179523,0.014216805061323353,-0.02239448216859613
MSFT,2024-08-22,417.7606371537281,420.1528703345148,408.16226230018384,409.087646484375,19361900,-0.02046066167052933,0.013993523073073198,-0.02239448216859613
MSFT,2024-08-23,410.4954888454801,412.7400310029344,405.6815195887194,410.3084411621094,18493800,0.002979744715439603,0.014035200742384608,-0.02239448216859613
MSFT,2024-08-26,409.89490950861074,410.7907614506505,404.94313363943934,407.0596923828125,13152800,-0.007949333363592739,0.014048634085257358,-0.02239448216859613
MSFT,2024-08-27,406.43949576869113,407.9161688910183,403.8700989564779,407.4042663574219,13492900,0.0008461368768247907,0.014006209948587733,-0.02239448216859613
MSFT,2024-08-28,408.4280692350888,408.5461982686738,400.97578558888256,404.2146301269531,14882700,-0.007859976314926718,0.013895297385767749,-0.02239448216859613
MSFT,2024-08-29,408.48716903331825,415.4865852646763,404.2146650393698,406.6954650878906,17045200,0.006118662760201603,0.013953867461856463,-0.02239448216859613
MSFT,2024-08-30,409.1368642535232,410.99745657650817,405.7208262421071,410.6529235839844,24308300,0.009683727224872693,0.014076427212198714,-0.02239448216859613
MSFT,2024-09-03,411.4109125689516,413.35027748692255,400.7001071362785,403.0726318359375,20313600,-0.018631615978312574,0.014127953578549471,-0.02239448216859613
MSFT,2024-09-04,399.59755429893164,404.8446523736478,398.0814949690352,402.5410461425781,15135800,-0.001319703935128972,0.014070933326771933,-0.02239448216859613
MSFT,2024-09-05,401.2809872314555,406.67577709695456,399.8141682348964,402.0390319824219,14195500,-0.0012478912639055934,0.01254302978841693,-0.02239448216859613
MSFT,2024-09-06,402.6985610672717,404.26383081056673,394.5670056307313,395.4530334472656,19609500,-0.016517150578928143,0.012098332861223589,-0.02239448216859613
MSFT,2024-09-09,400.9068736495872,402.2949499033103,395.89603343829765,399.4105224609375,15295100,0.009957738495158701,0.011833434581480092,-0.02239448216859613
MSFT,2024-09-10,401.8519747424291,409.85551750473985,401.3597503882825,407.7586669921875,19594300,0.02068573062190859,0.01248333221005938,-0.02239448216859613
MSFT,2024-09-11,409.03843011648604,417.39638986900843,403.21048066101315,416.461181640625,19266900,0.0211177589929129,0.013012848719769791,-0.02239448216859613
MSFT,2024-09-12,416.7270008247058,420.7238603737511,413.22236565404535,420.359619140625,17395700,0.00931732504520279,0.012949612200174454,-0.02239448216859613
MSFT,2024-09-13,419.2077526362247,425.1144444971336,418.84351144501346,423.89373779296875,15874600,0.008372224443557695,0.013002973986953548,-0.02239448216859613
MSFT,2024-09-16,423.90362815097126,426.7880557127787,421.5606353721957,424.6321105957031,13834700,0.0017403665203751255,0.012321048682380648,-0.02239448216859613
MSFT,2024-09-17,433.3838900790578,434.9786922694464,425.54765628869114,428.38287353515625,18874200,0.00879418810258256,0.010440620870825102,-0.02239448216859613
MSFT,2024-09-18,428.2351941115192,429.2491750935579,423.71657808226,424.1103515625,18898000,-0.01002367554357215,0.010602182683671989,-0.02239448216859613
MSFT,2024-09-19,434.36830593406904,434.63409626466625,430.1056262859268,431.8677978515625,21706600,0.018125833429121455,0.01091751138975585,-0.02239448216859613
MSFT,2024-09-20,430.42066355244185,432.4092391189892,427.4673174405253,428.5009765625,55167100,-0.00782650085670439,0.011007909973859413,-0.02239448216859613
MSFT,2024-09-23,427.52638627626743,429.67247726227924,423.6968964015023,426.76837158203125,15128900,-0.0040516063257974915,0.011021629905397201,-0.02239448216859613
MSFT,2024-09-24,426.26624401276456,426.6108070315339,419.4735546779715,422.4958190917969,17015800,-0.010061859627562062,0.011248521158522333,-0.02239448216859613
MSFT,2024-09-25,423.14556440453987,426.384408985251,421.9051794925785,425.3901062011719,13396400,0.00682709375101133,0.01089741674622735,-0.02239448216859613
MSFT,2024-09-26,428.32378449228514,428.5305103087993,422.45647860828996,424.6025695800781,14492000,-0.001853043841163984,0.010865318975610454,-0.02239448216859613
MSFT,2024-09-27,424.80927883764434,425.1341637224931,420.8222737453315,421.36370849609375,14896100,-0.007657224627685402,0.01079261471919024,-0.02239448216859613
MSFT,2024-09-30,421.5507517579481,423.7264049247719,418.7549211722127,423.6082458496094,16807300,0.005312703270857486,0.01075126113079666,-0.02239448216859613
MSFT,2024-10-01,421.7870051373374,421.8165373929493,412.29690642757294,414.1476745605469,19092900,-0.022586467601160058,0.011499534161593373,-0.02239448216859613
MSFT,2024-10-02,416.0083553062398,416.24464344442003,410.22964573183543,410.64312744140625,16582300,-0.008498077818910809,0.011501884984159482,-0.02239448216859613
MSFT,2024-10-03,411.1353013004486,413.02542591560956,407.84724636027164,410.062255859375,13686400,-0.0014155425097590964,0.011501517199825442,-0.02239448216859613
MSFT,2024-10-04,411.73581262468696,413.2223397680441,408.51667620718774,409.5897216796875,19169700,-0.0011530118757392168,0.010875153884141845,-0.02239448216859613
MSFT,2024-10-07,409.5307039810632,410.6234277369143,402.6395623275357,403.1711730957031,20919800,-0.01579476095210626,0.011234462949333007,-0.02239448216859613
MSFT,2024-10-08,404.5099645290717,409.19594995144206,401.82243880752753,408.2607116699219,19229300,0.012544750619201274,0.011393185312056535,-0.02239448216859613
MSFT,2024-10-09,409.3928021729279,413.84252930935924,407.8570646785986,410.9679260253906,14974300,0.006609203061286959,0.011454651334291676,-0.02239448216859613
MSFT,2024-10-10,408.77260867644156,410.8596349305785,406.72493873590105,409.37310791015625,13848400,-0.003888188103400678,0.011379911139184457,-0.02239448216859613
MSFT,2024-10-11,409.66850956364067,410.64310419410805,406.82343830885475,409.845703125,14144900,0.001153770545558204,0.011330212500809244,-0.02239448216859613
MSFT,2024-10-14,411.27310627026066,417.4456186019399,411.02699410502277,412.621826171875,16653100,0.006750743320296378,0.011258495191079345,-0.02239448216859613
MSFT,2024-10-15,415.6145639475164,415.9099165968068,408.8021954562943,412.2280578613281,18900200,-0.000954763643861845,0.010689311086997643,-0.02239448216859613
MSFT,2024-10-16,408.7135954364056,409.88506179410496,404.0965284555642,409.6488037109375,15508900,-0.0062765183895291,0.01076045734972637,-0.02239448216859613
MSFT,2024-10-17,415.79177751966756,415.92961477123424,409.12707001088165,410.239501953125,14820000,0.001440923941250063,0.010755874661125037,-0.02239448216859613
MSFT,2024-10-18,410.6529166681237,413.1238623045801,409.7865970653071,411.65704345703125,17145300,0.0034494436493076293,0.010261901876405298,-0.02239448216859613
MSFT,2024-10-21,409.6487883889798,412.44461909285747,407.31564977599334,412.2674255371094,14206100,0.0014816459874928227,0.010132278051186615,-0.02239448216859613
MSFT,2024-10-22,411.9819473916582,423.88392916296095,411.53896348036403,420.8616943359375,25482200,0.020632032801574798,0.010128694890488961,-0.02239448216859613
MSFT,2024-10-23,424.15957703194096,424.3761569602065,415.95913210482394,417.9969482421875,19654400,-0.006830131049975376,0.009484485740737784,-0.02239448216859613
MSFT,2024-10-24,418.71552307399537,419.3554387186423,415.8310957950025,418.1248779296875,13581600,0.0003060072934203667,0.009324595258817212,-0.02239448216859613
MSFT,2024-10-25,420.1233007480341,425.79370434385993,419.9362531076575,421.4916687011719,16899100,0.008019872477530162,0.009313670128708672,-0.02239448216859613
MSFT,2024-10-28,424.94718696480567,425.2228314363952,419.6705255962417,419.9560241699219,14882400,-0.0036500099748435566,0.009327142603705542,-0.02239448216859613
MSFT,2024-10-29,421.34405104712135,426.4336641349943,419.1782518516455,425.2326354980469,17644100,0.012486395372183438,0.009475404870932102,-0.02239448216859613
MSFT,2024-10-30,430.6372663836306,431.68077966192817,425.3803136298507,425.8036193847656,29749100,0.0013418558119417127,0.009296511878342165,-0.02239448216859613
MSFT,2024-10-31,408.9005934690843,409.6881704469,399.9814907408766,400.0307312011719,53971000,-0.06243688046253466,0.014240789574677074,-0.02239448216859613
MSFT,2024-11-01,402.64932353081855,409.0383852046151,401.16279656048295,403.9881591796875,24230400,0.009844196410672761,0.01437989592177378,-0.02239448216859613
MSFT,2024-11-04,403.4270984352044,404.0374819155361,399.2628993191041,402.1079406738281,19672300,-0.004665006854694761,0.014383402916190068,-0.02239448216859613
MSFT,2024-11-05,402.0192756499378,408.4477238969609,401.7337771398714,405.06121826171875,17626000,0.007317650169596381,0.01439682402966429,-0.02239448216859613
MSFT,2024-11-06,406.0063886343775,413.91151132234825,404.1359118739042,413.64569091796875,26681800,0.02097157647903607,0.014898570265763527,-0.02239448216859613
MSFT,2024-11-07,414.7285695615749,420.21195632741785,413.3503473156427,418.81402587890625,19901800,0.012417180708492511,0.015094705481004944,-0.02239448216859613
MSFT,2024-11-08,418.7056683805596,419.8673104700194,415.22071206919446,415.9689025878906,16891400,-0.006816465000299485,0.015081652250178192,-0.02239448216859613
MSFT,2024-11-11,415.9492425000552,418.2036383732599,409.530647967578,411.5093994140625,24503300,-0.010778642383868815,0.015156346878481901,-0.02239448216859613
MSFT,2024-11-12,411.7456609678349,417.8394007087299,410.71200186963034,416.4513244628906,19401200,0.011937725052292927,0.01476371963398133,-0.02239448216859613
MSFT,2024-11-13,415.0829808583345,422.6533640239858,411.7062988498683,418.5876159667969,21502200,0.005116638425218541,0.014696708973949842,-0.02239448216859613
MSFT,2024-11-14,418.39068982634956,421.51140536702854,413.4684464166278,420.2513122558594,30246900,0.003966669677657976,0.014703616726462577,-0.02239448216859613
MSFT,2024-11-15,413.2912534776132,416.2248913266483,407.2073678244848,408.54620361328125,28247600,-0.028247881399319497,0.01563172124037512,-0.02239448216859613
MSFT,2024-11-18,408.41819885611204,411.89330132284374,405.69128696291637,409.29437255859375,24727000,0.0018296210186178336,0.015349589366408825,-0.02239448216859613
MSFT,2024-11-19,406.68560375296545,411.4405079817959,405.1498661250552,411.2928466796875,18133500,0.0048708486445228445,0.015205250701613531,-0.02239448216859613
MSFT,2024-11-20,410.38713903081657,410.8006207181085,404.19494808048387,409.0285949707031,19191700,-0.005520415155012508,0.015191493233790265,-0.02239448216859613
MSFT,2024-11-21,413.80284233986384,414.0790385036892,404.71793020151534,407.26287841796875,20780200,-0.004326198090324838,0.015195412192602575,-0.02239448216859613
MSFT,2024-11-22,405.7832171686565,411.7313230908911,405.47742965830406,411.3367614746094,24814600,0.009953380117154912,0.01530641662883016,-0.02239448216859613
MSFT,2024-11-25,412.69804256956826,415.36135617252853,409.2159842267064,413.10247802734375,27691100,0.004283443018951287,0.015276164747862931,-0.02239448216859613
MSFT,2024-11-26,413.8916059444426,423.21327891734404,413.16166540924917,422.1775207519531,23458900,0.021730197871677327,0.015778478105682343,-0.02239448216859613
MSFT,2024-11-27,419.33665679394954,421.42789081016514,416.28862504102557,417.2454528808594,18332400,-0.011751226216577511,0.015894319956724957,-0.02239448216859613
MSFT,2024-11-29,414.38481768654003,419.1097738504757,412.1259094010287,417.70904541015625,16271900,0.0011104618943540707,0.015893840519382918,-0.02239448216859613
MSFT,2024-12-02,415.84474493949193,427.1195090506518,415.58826631722377,425.126953125,20207200,0.017602711005855275,0.016188613506301124,-0.02239448216859613
MSFT,2024-12-03,424.00241788094525,426.5967051479557,421.93093157664276,425.3439636230469,18302000,0.0005103302146684982,0.016188739847240886,-0.02239448216859613
MSFT,2024-12-04,427.1491277367897,433.69896602336337,426.7545660563865,431.4795227050781,26009400,0.014321885557282692,0.01596486229866739,-0.02239448216859613
MSFT,2024-12-05,431.9727342727058,438.62119043191433,430.2465005729482,436.60888671875,21697800,0.011817744954800459,0.016019244758448133,-0.02239448216859613
MSFT,2024-12-06,436.29321828806303,440.04162946603964,435.7704172944161,437.5459899902344,18821000,0.002144021970083276,0.016018224978295893,-0.02239448216859613
MSFT,2024-12-09,436.5891705079944,442.2413336019405,434.51768404131514,439.96270751953125,19144400,0.005508147432285895,0.015989582696779456,-0.02239448216859613
MSFT,2024-12-10,438.3548667232301,443.5138201555157,435.60274857576576,437.3092346191406,18469500,-0.0060493921324685064,0.01602183551764857,-0.02239448216859613
MSFT,2024-12-11,438.01948123467236,444.23394093068583,438.01948123467236,442.89239501953125,19200200,0.012686264356439228,0.016026666967971295,-0.02239448216859613
MSFT,2024-12-12,443.01071967285327,449.96499320791463,443.01071967285327,443.4546203613281,20834800,0.0012686349870782584,0.016026674826482255,-0.02239448216859613
MSFT,2024-12-13,442.34983294961415,445.2992167545738,439.5286583553318,441.1957092285156,20177800,-0.005106912791926766,0.010686270514518263,-0.02239448216859613
MSFT,2024-12-16,441.19569319284585,446.039014950384,439.23272866925197,445.45703125,23598800,0.009612229539882066,0.010681428627358344,-0.02239448216859613
MSFT,2024-12-17,444.8849272856994,449.1068002031095,443.4644812477741,448.2880554199219,22733500,0.006335214997484733,0.010588501402754434,-0.02239448216859613
MSFT,2024-12-18,445.1907332778121,446.50265760588917,431.08492025325205,431.4499206542969,24444500,-0.03828456158985239,0.013031429391610477,-0.02239448216859613
MSFT,2024-12-19,435.6224173363725,437.1612287919841,430.39440791706704,431.0947570800781,22963700,-0.0008235250960544029,0.012541609808836339,-0.02239448216859613
MSFT,2024-12-20,427.2280306144627,437.71367214918683,422.80889160222836,430.670654296875,64263700,-0.0009842651186566795,0.012372352303582726,-0.02239448216859613
MSFT,2024-12-23,430.80868309982753,431.7063281244541,426.95178067217284,429.33892822265625,19152500,-0.0030970053490525654,0.01231052495141706,-0.02239448216859613
MSFT,2024-12-24,428.74709084992185,433.6298778354008,428.2933464556966,433.363525390625,7164500,0.009330276846976099,0.012190876247243522,-0.02239448216859613
MSFT,2024-12-26,433.1169536147247,434.9517090842379,430.70024449975995,432.1601257324219,8194200,-0.0027807453489843217,0.012061169497331728,-0.02239448216859613
MSFT,2024-12-27,428.69774687773787,429.3093219032342,420.55978930279264,424.6830139160156,18117700,-0.017453139952939383,0.012506338931075667,-0.02239448216859613
MSFT,2024-12-30,420.27376177490316,421.7435167493127,416.17025429217676,419.0604553222656,13158700,-0.013327846738074153,0.012736645681593725,-0.02239448216859613
MSFT,2024-12-31,420.3131993235258,420.93464819489714,414.9470768224156,415.7756652832031,13246500,-0.007869345633933753,0.01168323044992921,-0.02239448216859613
